Study_Hours,Attendance,Sleep_Hours,Previous_Score,Assignment_Score,Final_Score
13.986856612044932,95.99355436586002,5.989786070030742,36.382886631839135,64.63807674042079,45.67200135027678
11.44694279531526,91.24633682912769,6.626577595141378,52.09422483830747,74.62555813273099,49.50777700106093
14.59075415240277,82.59630369920174,5.849096094800046,58.79591699867534,75.21620246453335,40.05076612309345
18.092119425632102,75.53063222294426,6.430446164433151,93.31531486010286,80.67156415012087,60.16939127833755
11.063386501106656,88.9822331361359,4.527662399655457,73.34829686800637,58.59769964063008,57.78677325591451
11.063452172203277,85.9348538542175,7.055952448847526,44.96777646350163,82.11080728616797,42.17650771534058
18.316851262029566,90.95193220027733,6.801446570434669,72.29054434126455,42.547300420766696,64.47019892216478
15.069738916611636,88.35171801681969,5.819493642718172,41.79044016592452,67.44138537163428,52.2801650144902
10.122102456260192,92.49552715319335,7.591094802118886,81.2403658083061,69.14071389058147,55.513013080845475
14.170240174343858,76.64764788439432,7.92508416515187,57.93313022273182,82.59992191285487,53.92930717123053
10.146329228750151,95.17394065634326,4.870928162757231,63.59545716891244,75.27157023212243,64.50666957439464
10.137080985718972,83.975996046924,5.884730265720543,84.88694971313285,58.13324335372456,61.34016941116399
12.967849086264136,100.0,5.877029180255242,45.692546471236255,63.180082490195815,51.15692140169099
4.346879021368808,75.10812181910433,5.672116278669362,44.04322722330513,77.38416011456889,42.136646037860274
5.100328669947869,99.3596380316525,7.795369810318098,56.246010104809926,74.05119189762533,55.352982565416035
9.750849883036109,83.97910783462648,6.567408633472636,80.57568276528974,68.05051068437105,53.42635883036031
7.948675518662305,82.65732566017496,6.482582190427267,42.209808867847364,69.22999452585624,30.345278839458175
13.256989330381096,77.16114165945679,4.3953651627118955,22.517666028341466,83.35401596591147,54.92528581901222
8.367903697915157,78.7965269180568,7.5625016362510715,58.23261712386502,68.78768912556943,52.556022320177284
6.350785194658834,86.24165946401916,5.312889926175833,73.27611199866381,73.94290507165113,55.940790962887
17.862595075686215,87.228354880355,6.871919156319594,83.00392624608244,100.0,64.35108529942282
11.096894798053857,76.26299996061421,7.1328523255498295,58.05257956871902,57.91580835739292,44.99469978261337
12.270112818751695,81.75645407739017,8.43279031500638,58.82860089325996,52.777887221104095,51.9784833533347
6.301007255146173,100.0,5.229415521057065,82.30851101383621,84.40307597758328,47.87114783674396
9.82246910189927,99.27543170100711,3.1765854130150095,36.95387450456869,66.85628326447076,59.92153108435106
12.443690358839465,86.36323669674032,7.020619453704434,59.17218837225486,71.18114966708856,45.42844621631433
7.396025690310789,82.380034781682,8.960613417813024,67.85635834887587,65.62612346242663,48.8084740211961
13.502792073382688,83.20031326718261,8.286735623527324,71.73828081927552,71.88239831078985,55.83713891960452
9.597445240324781,88.13517972730416,7.051591298329551,57.35289960213676,94.1824573451561,64.33652943608527
12.10595377841073,71.77207434801595,6.210036577241543,65.51661517558762,84.62554150341744,52.40436942483215
9.593173551082412,79.42623462576655,7.768547115964772,27.67508969880516,85.34668214264373,37.696168408731744
19.409112738035752,65.3141592612241,5.631744560354638,55.126273814992274,58.00527533048825,56.66610266318756
11.946011101048263,85.9922312260528,7.371629323227463,71.80263068831701,61.18615516136557,61.62327169113282
7.769156284176399,88.4719593970274,7.406564190999952,50.265589486179806,40.93105608617488,51.951990546044755
15.290179648412757,77.16813537700627,8.072251888998656,65.88476332384396,65.28743014700694,60.90364131970127
7.116625400115911,97.73986763290033,10.0,71.70308751204047,86.4804382366279,80.3731414223707
12.835454380019021,69.7423433699766,7.27089916061452,59.86176198713353,81.20335818898045,67.72866702885797
4.161319504480898,67.3562511979018,6.189243649151002,67.55695656494856,72.34184084457452,43.5279933645467
6.687255804406278,84.24451818559972,6.769310825369606,50.55901152073082,74.73239659538336,60.82359689611566
12.787444943476494,92.47098302612154,4.677108914133058,61.9008308045593,66.73337348909513,54.8161880850023
14.953866319981643,98.83927691457869,5.96634424269313,74.15324254383833,77.4571065888214,63.72891696675498
12.685473124759882,82.65732566017496,6.308861074264275,67.35459441452652,84.19053935376738,42.79724539682956
11.537406870447038,92.78680833431295,6.171093922478489,56.202030956540966,55.60935855107432,50.270838191762095
10.795585217642845,81.61491530499293,6.982825846440466,68.36324606436189,78.59577225404817,49.83630026597363
6.0859120385302905,80.2737270005918,5.813096081141359,75.71914685954927,86.18921845145601,60.24957899960208
9.120623166421165,90.83659937486672,8.145236800789366,34.25088082133783,70.01879653243957,56.639556545802854
10.15744491616085,88.52322878413419,6.800248477901836,82.38611097433846,83.408407345447,45.876088215351025
16.22848890487566,66.2360784301575,6.7888396146336625,59.95617891978392,100.0,53.94524690660457
13.374473158273846,96.76540349725896,6.406526340184499,71.38234899860345,73.74788648415729,66.71734224675075
4.947839378549064,95.80091354147451,6.9862288206307745,82.95870385467842,79.71968460006389,58.77616140921512
13.29633587757918,75.7443729849047,7.790117917601162,44.42489454154301,66.1433149960633,54.311769680544025
10.459670878334734,85.95803533437409,5.759443741146919,54.3583849635868,77.1750139512246,53.25691339542111
9.292311998776166,86.94030186282738,6.010260213109692,60.67176956186443,80.52325949978764,55.26764985591493
14.446705155363471,84.60673765823907,6.4355287654680025,53.24369718313358,77.33810808324165,50.7765177418565
16.123998089983804,76.4969484615458,5.184954891832142,91.02404863755213,62.76365616349372,49.23653350833914
15.725120476464795,75.28376632061949,5.816890568334203,52.148418592598105,77.47634125590541,42.21990902515275
8.643129907109445,81.74445929008554,6.2285349517464095,56.666798307697,92.54635126461164,57.10359205769766
10.763150496595141,93.72729019259364,7.849267016855273,68.06583547404465,80.38362917417433,59.47749081217072
13.325053725614255,87.43600154594432,7.115073594802309,46.96775710885866,86.5438462688621,52.25031769720763
15.902180508489437,78.29385667913894,7.032307893641053,59.06478932365604,72.15585635984847,50.78754902490306
10.08330304861884,89.71698710648344,7.821077554601566,69.76179891875263,83.99880287308453,56.90817791884699
11.257364093344732,53.51457379369924,6.635153853920724,60.00709393426233,78.35121405859832,54.76100042313398
7.574660103975887,93.48765700372104,6.801040060531292,63.599197116500775,63.58907124375322,52.1634969974321
7.215173503677317,64.60286221221901,6.801040060531292,57.06001831327444,78.8222520575865,38.219860804418644
15.250103289576792,78.37559058596868,7.118434819279554,42.282945362288494,63.099640038716274,53.77656927068991
17.42496011428329,82.65732566017496,6.100689610866102,69.82389817008858,67.4054367013825,52.1728122326534
11.711959513678664,69.05318524279095,3.873419410068285,91.32399607470862,77.27193968750849,54.497916039605585
16.014131591568095,93.6082678737852,6.638865005376434,65.27602446175158,78.56693128056149,69.71364452816114
13.446544100190536,77.32298798688109,8.507297763319928,68.37896175871325,60.72921041907445,55.95557225755502
9.419520981579502,85.46503881730716,7.911458482689911,75.39084132675289,87.64782925419452,61.89380679998788
13.445582422033656,81.53079421120816,7.9584769815094045,45.96004255179952,81.86407533960568,44.37378189503969
18.152146265863877,86.77040827223121,8.28335686616746,90.53771987194409,66.54325877266939,63.883437825546025
11.856695843560194,82.76821891060256,6.906389109153725,68.03493194634203,56.5489824426099,57.99338453840387
18.258574623256024,69.1700777581143,7.036778848886715,89.47785348633664,73.26114505102282,49.58764668289028
1.5210195836410225,91.9626681944714,6.05881772547878,54.00450506714016,69.64867543366609,49.88502654334843
15.287610017500896,77.06243416838687,6.42071257276754,92.27092883836737,76.35768548463628,61.80325746552312
12.348188272952685,66.4341810134025,7.53892537972537,76.62733241052175,70.6426000661332,55.427195466157826
10.80397059813653,77.71884839034088,8.244661324602578,73.29560128778537,50.91051767105988,62.36721575397986
12.36704310614201,97.00759790634311,6.6326644691828,68.51036681529722,70.3398367403861,60.18162635399509
4.049724341596429,90.50221742113493,6.259772882178306,61.27207072888326,71.33257066718025,61.70528436448714
11.121312448649952,78.5134786559214,6.800633550627917,83.0079748771081,82.60393229728871,51.85336575400128
13.428450286046985,78.50742295681572,7.521448098714938,67.1053980477207,66.62160390466741,56.07359621247735
17.911576178966065,78.78364948782617,5.067374220639749,35.49395444619272,95.1440960804708,48.606008615487866
9.92691912690541,100.0,4.044582856235314,48.242203074394965,52.06031339217891,39.32309663030094
8.766025588427249,85.81935452231554,6.139355780610099,62.21231371710879,90.73400997363149,60.76155797260756
9.992971825661854,86.3004164719107,5.335145088903009,69.64998474748333,72.30817234946274,69.67636762950512
15.661608470808297,92.30283454031843,6.190231762823227,64.15117266650157,85.31501846812267,57.677730009132276
13.315004438638738,84.38789159026514,6.622663617419034,83.28456184690495,75.9576178087048,63.42387515821822
9.880959184931845,79.40957854179297,6.256101909172384,35.733472039420626,88.67466643230563,47.11686827063633
14.053069732453425,80.03650150915021,8.542961041364894,67.1538190475774,70.35165642536626,52.568843985316825
12.388310197392162,81.28398740585936,7.192093717522784,37.730311619192676,61.816554897866254,34.24975807651399
15.874579962131557,81.62777763490159,7.160569231532994,76.39568443226253,92.04605144725275,55.985624232149206
9.19178762449059,89.2762954363698,7.5466485728520825,63.58311928336996,73.6382322494143,45.9082519942456
10.689351413608927,82.519458858073,5.433400258663077,71.29414958036178,77.65870168349053,65.91338726422566
10.43156738747137,89.3264007721558,8.046934144904322,52.04175559115351,89.81702296853754,54.77310329458208
6.145940207471526,81.19283419891417,6.709082856157448,84.19197397486627,62.616537094866786,53.34148209650709
13.184481108258304,82.7863519031609,7.604576740689454,80.62586996088277,82.14589077167109,67.17383722045922
12.10595377841073,62.01799315467892,5.513771320351813,73.75316454517832,67.92126292244531,42.61789270106324
12.020453826569844,91.16327674702481,4.935489480780722,63.057241297048385,73.41396773226754,47.580707241332476
11.061651466499413,85.46488475897992,7.781467589630034,73.69785927942698,75.86734758461147,59.124461812574076
6.338517031798343,91.98010109859652,7.2516914313170195,54.39661148018977,56.99733766263677,57.99230790409973
10.317418708938565,53.03744621806311,5.7175381347709875,77.83333488531068,65.65395548615479,52.33041758002227
10.629141933892923,100.0,5.756404302470367,89.74221341485881,91.21287470895767,65.64992295278971
8.790890923113524,80.60410371844826,8.150521741297723,81.05915839968779,85.63429426301755,60.79845835160178
11.354857153335963,93.08182816737516,5.372705728559207,54.055962952888855,74.24832507207319,54.39009846409839
13.616203427258153,71.60094072874469,8.771207543907156,70.42125975909654,77.91748150215471,59.051304087044414
19.54474360484212,88.12773905062569,5.7192551184225575,45.60287684362028,71.46908993236251,44.38291303015648
12.10595377841073,71.46584436826343,7.566070310730059,73.58585466763513,91.27900062993578,57.933601559046764
13.030201562891058,75.76231039304194,6.4056578291012185,71.75905119293809,72.59576906647004,47.005038461729356
11.702216336935331,100.0,7.523824917298811,36.952754907017535,77.78210510561817,52.96549013149755
4.324915138803834,80.09317599236654,6.147063197462969,47.57324234131454,88.75236172970477,44.15696146113053
11.893944498203133,84.17432873179723,6.604648512713247,60.752916548843494,65.67154218184912,70.43577380467623
12.240920839764106,90.70067730688754,6.849103010474865,60.48710379288761,93.70547021396273,56.911174554363434
21.852968449941145,86.95681887972604,5.597375053062232,46.857845968717925,56.63446308307948,40.98419614967427
11.23055614087551,83.50418905143576,7.688989214504151,70.83468094028275,94.55570557335358,58.38999559901738
12.10595377841073,85.64961002466225,6.184143720234098,68.77210413410768,70.52789299257631,58.90963041680042
11.861152921179027,100.0,6.525680101591978,62.08596302032221,72.08761502609661,68.3837235555585
7.325287849521872,81.42381202966415,5.606780750469785,53.66312749762456,52.319877945804684,41.78038714838574
16.571291258060082,84.01099046714967,3.7251996094456272,80.73060689624845,69.54246339146769,44.2498516929628
15.007732130747097,92.50654396007612,6.570766684879797,89.83110669632443,62.522321627677385,68.03803298196212
15.164127788172188,93.05525932957984,9.6951385059355,57.746577742301945,67.70824385551833,50.00448223050924
8.362450180821044,93.8703030556038,7.741525145477628,55.81749624267769,73.35226841053344,51.549718703794944
17.611177243744397,82.65732566017496,6.801040060531292,72.36811498117994,86.49349937367487,58.94473907993252
6.3925957488308764,70.56995087269516,6.484531004950078,59.629559303795205,77.49124021680751,48.24727486858375
14.347428375201082,98.33431532301096,6.826959071374455,62.909041990051485,78.69211984081336,63.34952528409882
20.761822503239912,70.53654606981311,7.4565429382102515,76.09479727587006,61.853767333853256,52.982397573760096
8.037854699477247,85.02635465239034,5.383024621629386,36.359658687390606,64.43095092476725,41.50996200689624
9.734809081588912,74.45724149980641,8.137186033602646,84.77453487279004,96.58470022021575,61.256621798494734
12.398605460350565,81.35861653407008,7.658457578529493,66.09020786494013,66.17758758284104,56.28641801288161
9.986097383535203,85.2876241030348,7.661822870849521,58.8276028315673,94.87449902468755,56.924534044434594
5.797346275735469,85.21357215450273,7.326170886571672,63.661487686678264,72.0832656134296,56.23678086683605
12.27425189922411,86.21920754235285,6.8235399892327875,64.43644032530779,75.02745523372205,61.29387182923951
7.7507851450955805,98.13711269058646,7.607433483160183,39.031980448326124,87.84438192275915,55.042219677555245
13.894369722540727,86.5353430151398,7.5101769604896536,87.42407341179853,90.26270906326388,67.49275137049224
8.322303063064787,79.55843364709351,6.375151146870771,65.61988448405927,73.67024927665095,41.083653403252114
18.19973762007016,91.64087168288357,6.111677872523718,71.64503195671062,70.34108335774154,59.162559531498424
8.866986830655051,93.89470488924641,6.922227554314384,79.27324655861064,74.32895461773344,62.87348763748739
10.711753935177297,69.72392184863007,8.658824181794225,49.6825631365955,79.05549033878542,56.110912699749974
15.25406886947868,87.97400069849859,5.313071509215319,72.10207848552842,85.69564424243707,52.65196013382949
7.076542734264179,89.01172742310898,5.038969681097072,60.985383636518094,75.05075830792983,45.97573677896186
12.909839738416517,79.02436496640009,6.99771300948382,77.7015616282474,82.42663557627785,54.46923565365597
17.228571017129713,95.75706813311619,6.861065242227221,33.09158869472757,94.66031678725129,56.966837497605894
5.57006706175509,80.49944412967473,7.00800999724449,63.51358549638096,79.57571534717742,59.63456258669841
12.738535434129217,83.25576453471542,7.0927438374902,55.95769016324058,78.73983427205734,50.75994128209828
13.039531176993695,80.26928175716131,6.532157294438234,71.48394425951233,56.773070098919185,60.319957475196745
15.127291487109241,82.15579047581467,8.587836126322498,72.05066281052304,43.43123835805124,57.827612507722954
7.052197156487672,71.03724913104799,4.878915225828181,54.38561157766961,79.66050875076202,44.6865449990791
6.718173547662895,82.65732566017496,5.805803570263705,54.31739203735935,73.86210922462953,44.065833654965985
14.087766262467591,97.94505063224972,6.676094287821143,63.34001947164006,68.82260790102309,62.47741496027274
13.187938692932745,73.53038651681672,4.828173426614999,51.55036659027188,77.92236245023614,49.52298859591338
13.001971401383507,72.08607650543692,6.588974714681514,77.6297554317819,74.2751552496371,71.61709974003654
13.385792837987903,60.466098863962856,8.793764198873621,59.461891993288305,88.53336300760678,47.72213036250026
9.279901113686037,82.65732566017496,6.825063785955154,21.395176710175377,76.03333041910774,45.18647670700829
12.929014788644015,68.76910206592501,7.07684108686242,59.37766915067291,66.036920579158,46.637939496407476
13.172289893194725,98.4201516013637,5.287802281792904,49.421842687340416,86.88199486751147,47.18468645524599
9.142594327894528,92.09817089342634,6.060366310352627,40.53086276808582,72.39442710064557,48.0061801018185
19.463098044579027,75.11849654822277,6.349764343611276,46.43860042666141,81.31844020406768,52.063391623585495
13.89533168364715,100.0,6.418741883892519,66.64112707749455,69.2710715256864,78.5060827224782
12.10595377841073,91.81765486991594,8.337972554004523,84.92961242372347,67.20207737403076,60.0662550424578
14.626214434535319,78.75168616491378,7.469229272870149,69.6977671079747,76.01001876222836,49.187548741199066
8.101273319090714,57.005942851264265,5.4662504516755615,55.90244917676391,75.15394372252422,45.838091598352044
15.148338414969809,100.0,7.0958057341184055,71.83856292756055,80.75792442440199,47.4585799579228
16.634382316029615,68.10427533236404,7.3978660981961415,58.113645346715124,71.7762509602831,51.60202697885462
8.717270726593158,65.54601253043108,8.16817884622552,54.58099446255283,52.963682594755234,47.46630938091196
15.853504516977287,92.2257043200964,8.696648823882049,47.684559976505234,69.80671339693933,61.502854695221124
13.651123707745993,100.0,5.581886969806558,38.72256789872421,84.52582160572578,58.09930363366949
15.28824063997796,95.84272818510519,5.826970986547594,59.15114440160832,71.43148704908272,51.66583381379104
19.58717193061579,82.65732566017496,5.290906569302461,67.37080234880197,72.04339916982542,55.31243067154744
11.018447535988518,87.94754341665286,6.519176169071622,63.550644949776654,86.83651807087125,50.433196804790576
8.985055342570043,90.53415558780307,7.3596300493356015,58.76049608078962,66.45632127289292,45.73036382529637
8.441942281497907,89.58928589786765,7.984801419906922,50.813809089548286,56.4863613810852,53.37109097411821
8.736758860138247,84.81191423969376,6.7088587716289725,74.12369287527453,73.07242656569407,47.00660364164245
11.691593162343583,83.04201103951875,6.416182972094187,45.24302120080122,69.18991258501515,45.652092527564065
13.364607899266575,81.37406872100478,6.982109590698489,76.64041870765213,63.40504416296095,49.959982268906465
13.106763197320076,74.46035411133323,5.797828518043972,49.96674471609913,72.89545852921572,51.8051950543728
15.308732996144094,79.19324923133226,9.307446466033728,53.71347143970448,80.8980677669614,69.28606142545516
12.10595377841073,65.07043185804615,4.87080676745833,42.998222140764845,74.88853726118622,33.665792553112304
17.814136308629266,81.0166037320525,7.021688694674869,57.47896779671545,78.68377287223485,42.23779135256242
10.941372667048176,72.11408892849083,9.228327463075567,79.62968687716969,96.76089238218508,60.80409217383884
22.880676666358475,70.96410682784229,6.808159813471997,72.73442132665934,70.88545366130923,57.795333188501985
14.502669391060024,83.79894151153478,6.571953157998206,79.67633168042053,78.34018361573604,60.97736875515509
8.571369774334869,82.65732566017496,6.371065492627487,72.83213818900904,68.88943964881038,53.71331713814052
7.716430007755551,91.18316606002313,6.801040060531292,48.44495257204446,64.84368336135633,48.00381007491546
13.92988966097274,66.29499396376823,8.447418169611836,60.03816163508664,67.98110815898676,55.18581152696642
11.106148858696596,72.10371863429663,4.145765706404592,53.29701306323806,69.25489714173973,52.05930361550739
14.856001976368368,91.40771187988216,8.64012044155559,84.95862356058561,79.3137095705655,51.927009185013716
13.89295049829418,72.1751260646169,5.0912514170598255,47.04817030360533,100.0,46.11390151559718
11.70868434937251,79.75366850002976,6.480017204918702,78.40546534083666,66.40747876468991,57.50757479892998
8.61282512772638,87.50052099024552,6.284906695641606,78.39430805163154,70.00049633261445,50.11474695010992
5.9406111012565415,72.31655545136366,7.506263923724863,92.4443030257413,74.24252384266502,70.45543642437275
10.213940191731915,83.0537550614596,4.882250777739503,58.85470111055754,79.74958618451697,45.74977098049726
15.42559517729389,68.65974505081796,7.354607199298331,75.68483239370244,78.16260974345742,56.61123838488433
12.856374976520815,75.98632356048786,9.229171547944222,99.22477754808264,90.40914952737741,71.28001729345063
7.017044885152048,85.19781934142537,5.164191194488628,55.73537484599455,45.8832951535775,41.62499607506436
12.692723703404727,66.0700626646833,7.027647401132475,41.974396287014606,46.356841557651926,30.401208823714946
13.541269518915348,86.40474737960399,6.005621386644069,36.79984949138354,69.04946193587821,44.133152765525246
8.464570255195468,81.80362201073319,7.3110646474316425,75.69068043291998,88.16760225052451,65.23543518738425
12.614900423782112,87.52489954417148,6.822977332898902,36.75274687912125,56.21222362073284,44.60580425086402
12.232834873784,84.23914134064661,6.0302157091468285,59.41521420593116,38.90841192367491,42.9942486713114
7.428118808677508,95.64140429973844,7.385446741845288,71.5596978055844,81.8541528746305,65.36133776113095
13.431149441393133,83.25224502647907,8.965217731744092,67.7776330524487,77.92388668443257,57.22055056679362
14.243138105472937,82.65732566017496,6.5709154499272415,71.38167296276258,61.917499118406845,50.8487028865357
16.332204972701106,83.22297503032284,7.663709530577818,68.33434783701281,63.17352479134884,58.303563108407936
16.21520820813961,87.43298029036387,5.248072450554604,84.1829871997009,63.3630753643839,63.81133341044867
6.489322528171636,82.48860070325705,5.65227634781839,50.71525428891805,76.32642380968728,64.23084822256513
8.248699840339508,82.40591691203882,7.3668875334564525,54.84507292312203,67.48421668580391,56.66890227967413
14.060141068834639,74.98008312193245,8.580939234243157,53.41010832093764,80.92876702770624,62.3527583975668
14.055143803648836,75.37099082449052,7.226736018542792,77.45287717793916,40.744480045147306,50.72950643007391
14.060190745224192,82.65732566017496,6.424330363372214,78.50597882592595,64.71777761846641,47.069547488829194
27.410925962618883,99.4957674318694,6.7991496865080245,71.76837978977763,61.487352469067396,64.21885174473753
14.283562042772669,69.56136764608715,5.299510719236339,82.75240500334891,71.9239118595301,55.49146816664978
16.542262560722396,75.07094802204092,7.52541839162644,47.32938698935429,68.54342689811834,43.22920933569892
15.81600705397281,74.81592734430802,7.858799674788091,90.00836167326706,84.5741253587492,62.01942869479782
14.605565005223191,90.94924376944441,6.257491600600304,87.84857932568387,52.68795874007931,62.71419782408027
10.738923021438618,79.05050321707972,6.2359494226885985,76.0343299586862,75.54589771596902,58.008573861347365
15.03587688197307,82.65732566017496,7.119053875582458,91.7269836315659,81.70003707854046,69.46838645684716
8.908699141849713,75.26509375756132,6.275936316751285,40.150651884833394,97.27976923874346,49.38736093233139
11.052725573039965,84.78994162223802,6.720640862449013,57.133277956060226,69.21880834687829,48.56354327749761
10.058545808683586,73.64652946740243,9.319666146999818,53.97044808977071,78.8935032522302,50.01395410814327
12.32749655754529,100.0,6.503569159104804,75.82218985636015,53.35364648925162,49.96822986085613
21.258634266694035,70.12401580970487,6.369991817574533,49.24788890596781,46.296525548243714,60.455362937257675
4.530939229633008,85.09820710227028,6.022949833237809,76.36242724006229,85.1372925093804,55.33838351397099
14.745040761498053,88.33776880932099,7.693030365799924,85.5580421599507,74.93327647622316,61.67673037413443
5.549136515241393,86.13799097451498,6.582530992138277,75.42804350125999,89.14215227758108,50.31327399635079
10.112272536842266,80.14712341122292,6.020752354014289,69.25626535492252,58.51916533236301,72.31543678942218
16.355802387869463,80.70179300266574,8.385564838727614,50.181899886488765,81.23882567434504,47.59929800787531
12.10595377841073,82.4381147197911,8.503523605416364,52.29723550811953,97.42581408652623,53.347855185256414
7.6890208882827755,80.52997998371511,6.079491721113554,83.74428357945,80.03646730028719,59.76696636820596
9.138785162960128,91.6387911679491,4.56015205836726,76.69023505857999,78.31897806709259,59.57250845974095
14.718390995738703,100.0,8.009016427804307,64.41470720933684,75.1026729698922,67.48442997604823
9.078533473131454,76.42508214992166,5.9784442090879955,58.73135681351164,56.14942251448905,60.381210468424
12.8658343583279,68.30197020420923,6.801040060531292,34.612881903329345,91.26687522852419,51.109573731659346
12.182287359615255,81.11717951648745,4.435875418745797,48.93721371973342,67.6697083223392,38.75010826968213
9.393598609576731,100.0,7.87111680595917,93.67128630709585,81.0537990765962,64.81902033087172
20.5757763573013,73.9632543203027,5.346593684863063,45.793166434963,56.243588321144955,49.241540164863025
14.535676089272044,98.39116805444067,7.67691694287983,67.84219731831621,60.84648402590663,73.80387567916358
3.8994296533695714,98.77700814076441,6.817127681403721,80.11165959792798,92.22104879066683,50.81127495851642
12.745817259077711,76.46411758292005,5.655272696724026,46.17615997996562,70.83237253250589,55.28208138716583
9.352854140926448,87.68983079185276,6.311556424487863,67.77065712171625,92.43930571251053,57.724795182931636
15.409733339184896,98.28396623128538,7.62358214834804,79.06873306265983,74.06123209129778,69.52369335889496
8.829917046269198,78.20872259012513,6.9270733437382805,65.18748982860876,52.897226724505714,49.99545761297791
11.541054234132403,79.96419639897638,7.501295576566981,100.0,85.70481119678064,58.957604335385874
14.019949115921829,76.18319086051356,9.171728701418582,39.97101111682707,67.9212921869327,55.94220486851259
15.463020776680485,71.85243269307134,4.922910065946738,80.88092794825818,83.38426576220452,60.30658466239689
7.198814371776895,75.50722454933992,8.740655089962349,62.407973939053036,75.30253041048098,60.668657860922835
10.661995056636206,69.76059733237743,6.925227125027855,76.57880232255013,56.48258126468556,52.77148468329558
10.100218755356176,82.34083468259226,5.721459142012246,71.61960727548869,76.97153718444683,49.988733587989394
9.386683069705153,74.30026768941359,5.203623649113212,54.002657043350055,100.0,38.53998338161996
19.061816961124386,84.33785911790747,6.57305553106756,68.4349458868901,80.91583750217352,64.3347241554921
13.619926843843823,66.44104353796372,7.905980134309351,37.13147822902569,74.30978696393444,49.59522793515987
6.956464182659819,85.30880232214457,6.646941055546959,74.0487125085709,87.90412082348277,50.00904629112358
15.671447788219105,90.33528961608924,8.613385916296817,69.47237698985788,77.52802158243733,57.82302421617159
20.488624788050533,62.062643574285445,5.058589171938129,74.57990252964653,77.51441076315353,50.30053617364887
16.12986104220459,85.74056569847572,6.785493262584734,80.87177487630726,61.900497934090765,48.998906886952824
5.922520136183946,94.27668992473292,5.2971278667042565,70.51429760314566,77.80617630947518,48.559327088165354
10.063063708534994,69.90358981308795,7.236358259149961,67.22134129697415,87.42532099700334,45.968382575629164
17.06764459674649,98.72572386837703,7.86426486811676,51.78397495008062,64.9672541747997,54.07058375649639
9.169322137524876,86.19019009366045,6.295085847582736,54.316688545264235,92.09394985496337,47.50761417174536
13.775277712584913,74.94988144241591,3.674943372047439,82.80101930265997,73.89952771025848,42.024911696582656
15.098536213717347,81.44230922342294,7.038737776155793,86.54503108558967,64.3467658615375,74.36012215525687
8.292278113687669,87.58326912521723,7.324086262080211,61.42834345531919,86.97158492304294,64.22711003129315
11.7618985757528,82.76005391412411,7.285153705954037,65.69004120879912,71.55846917114077,49.72162711194331
1.0,87.38755992446369,8.282938630186585,51.43078437509351,84.11417864983329,53.42798366550459
7.902449434662841,72.79326406920634,5.514735584421141,82.59135267901168,71.49889641289755,56.31659693239671
10.989727394427359,83.69360824036077,7.616259326540539,74.98125235537668,74.28208627764116,66.52063792595516
7.008867272140602,67.8628550309502,8.23100901497357,94.11826154695623,80.9227224520115,54.26379051921927
18.52964521572654,80.88773938651299,4.66569489919218,51.82515384230392,78.49076469108007,58.11157846915613
6.279434488157469,72.9609235853521,7.183582191102772,59.32988151472674,51.05361863457914,43.667855187270746
10.239822053212064,74.64470057410233,6.194984202790794,68.47168883788359,61.5450751188673,41.726747029808216
12.522962309144365,94.36093175210438,6.7021727922780245,74.69734306588656,86.15291981748979,65.66706601046054
17.765093156264463,92.9131012059427,7.217211780246004,61.764985436785516,73.41436093318143,67.44421193762163
6.2565513952822425,88.09138120907177,6.215325723063737,51.90558364319449,68.71522436674294,67.09433897694646
16.65265500861984,71.07687235327421,5.989150305006065,78.22111293385356,58.69711181691031,46.054441740703815
12.040932244078348,78.83591550305198,6.8409829009856296,75.81703043818372,62.04316414468982,60.2939955570967
8.073965395808196,94.13097699979184,5.495304873364637,51.25588849154413,50.73841632045663,44.914245646915155
13.848413897053083,83.41716913639905,5.497009845337777,85.33164201658244,73.78463137558161,63.97077807462704
12.79623878229388,100.0,7.615247939547804,82.55298063794905,67.81874903302744,53.028248687295815
9.599132491364822,85.93317839394372,5.421447157809613,67.01444745871689,63.40094530817622,42.932820753087746
12.279208339960075,83.92049116490031,7.599575001091054,66.19396793564054,74.18251889798456,51.01680376514587
10.45874561255296,78.908835357975,7.355109551424741,73.31086656673861,79.36764757023286,57.29222208151017
12.454069381004992,83.33540904782282,4.7290319254512845,52.074453946156126,100.0,46.650598601863784
14.648522698084186,80.47530163619456,5.9869224171972135,65.45047218746123,56.85739896524144,56.86416524814759
18.34406726458141,89.0810867668859,8.232931283656846,32.714246830862294,88.91257251960627,60.84411910894754
7.048738004692604,91.56702316794585,5.622601362632382,78.14683468254404,86.67721873218086,61.61583831175174
20.532133498625065,74.14010539492051,6.242714885228734,41.57760166337211,65.65088712747959,59.66934273756303
4.1916488019099925,68.68767046442221,7.354473071902276,87.55129742643499,77.43883145503237,58.77881468970574
11.392859619857667,63.637946268967035,7.740068611139114,60.04819859050325,69.50840100794862,41.76980581349176
14.353268825938306,87.07991326912544,6.498153336746605,61.82499527103235,77.22826296502487,64.90956745705236
13.12396747094013,70.96633393826127,6.08298776637003,55.583991408732416,93.10957216085461,46.88199847106293
9.509201920717626,60.471094070475175,8.506843834038209,60.679416891168856,82.26727479157576,57.9522164371523
11.167510998570899,85.88578604530964,8.886679596557094,86.27797017722055,81.1033004788013,75.1117675614684
10.027996261364668,100.0,7.974629660938154,27.68287015197381,69.83628816054429,52.57290561204554
9.642540972223154,81.93929088460106,6.902381771078029,84.15448079132281,57.19132002090798,46.400960681584316
15.398408388084098,90.38490774451643,5.8300811340308885,70.07035221652562,72.49838147351511,50.55148722169342
13.42806194386019,82.81829358547564,5.8034667121321215,46.89467528214176,89.47929785836698,59.899490340212466
9.228361618957383,81.01110346808858,7.427016926318909,48.87031410426143,56.67398572092423,47.27379094838923
15.598399501733002,91.19076482987768,7.30207786506642,90.14589540812304,62.33892758187966,63.9780909439956
13.229198083506438,79.09725455811349,8.481918311535715,50.81739680085903,76.51521283480882,58.84018910499442
15.25144847535584,84.67392314071903,7.580540111043367,47.69974234106061,63.18414258183285,56.76121163909409
14.518515367694448,85.21697806196013,4.996303637888218,82.05971813547094,65.48971863461745,58.63483153194512
8.684019956311712,82.65732566017496,8.062337141267502,70.07829314428871,69.91681701926187,53.247308178779356
9.759275839212123,91.92042349536523,5.602327247222704,50.93111635195402,58.612591149718206,46.60868119646517
14.989174420493047,80.25040243304592,6.339234473657178,68.24937463106929,63.31053784540358,60.203832463614596
14.44148106173386,74.44254840507155,7.100240247502033,49.61370974539584,83.4411350014477,55.2159160778425
11.916393624143408,87.36509843570404,9.194800987740757,81.51232097633908,59.31156261322843,59.944095438285224
12.469309533235128,73.01532018208962,10.0,80.920564473097,55.825534386061946,67.35480312088265
17.110659583153698,82.28181157369129,7.528067670963419,72.98009298232915,67.43970024559327,57.82294913952031
9.63371444465668,81.90881003355797,6.5801640575355345,70.42491591870525,83.78346603011815,49.64674851099211
14.18838952468015,92.85895565831578,7.44140677817666,91.41782187301061,72.63693830403733,59.50519203889917
11.191229390264423,86.74698232879953,7.865186511048603,64.99529491082338,69.42502706261259,49.4042470987241
11.12927518709112,81.74973041254856,6.41519884933137,47.27188811868798,75.53230557018729,47.332323142453575
16.39510740794876,90.17766299200287,8.954253627094786,71.7421086924846,54.051510805684174,69.18194883386774
15.301665395952119,95.90207549017313,7.076084911029683,96.2907057430567,80.93646784530038,61.680782306243046
15.254038544002555,87.57810306351863,7.397291706909673,49.77860760221222,79.60122037684373,55.67457592883328
17.221915228617316,82.10352619843381,7.599109102465354,59.57805849959021,70.08829831085134,51.153558259991655
12.084015366531036,68.8816376764984,7.305903932737347,71.2466905715218,87.071094141557,53.66120758082765
14.727811885179856,71.34886336924627,7.806728600563535,64.19142726491391,61.47004681256354,42.75917274809557
10.758932973626177,78.94775295645333,6.059296176143692,50.26544629434028,88.53490791904284,48.52020615766895
13.296665409953768,75.90487797840717,6.130037895264763,81.82786784345706,76.85392398714302,55.816287033006226
11.479427782529262,80.13028697014553,5.479814920433966,99.80061083025889,70.96136892146193,64.09188470652607
12.387983859970873,82.65732566017496,7.327401476744272,67.94197188535861,74.76151637558026,57.8648074175857
14.380628101747654,87.2969275435673,7.7347238042145365,51.43897565396,73.7128228102687,45.9369723704995
8.72711726706611,81.29501221940909,7.349327439382263,41.76559212419787,89.6433947570126,57.332609861483874
20.369549102741843,86.86501643826202,8.809390920017044,68.86963971831771,62.079850470347836,62.6139481118058
7.975930474001192,82.6447441481012,6.793284777405144,81.55816014974387,65.84976913024082,57.873723232330825
7.143245548849071,62.24533433646128,7.602489986711015,72.12751619743072,87.43563470486976,53.06410383560465
16.63244349400027,72.60664606181246,5.489958948632823,64.9639423862172,67.8535807777937,47.97966440198995
15.166650775851743,80.55912444278384,6.335480357030718,56.160925223160405,85.8063969279791,55.06886057248005
14.49647926820862,69.90305257158893,7.634645309078933,48.617545509228655,95.39323179610452,55.5291748302269
14.51338203705712,87.99928729996205,7.818922532891772,77.52126989487323,70.1784596767004,48.57781857426952
11.951012908612341,97.30750832343698,6.447239662802981,78.70657432078379,83.17634791890366,57.53816818756983
8.410982514056673,94.18761851697317,6.7140808977703195,41.814053199639005,61.155692623921695,46.63694269944675
12.303218232774906,79.86557129069791,4.978551503983029,88.84758467271025,84.05679957681372,60.15783826130423
12.10595377841073,96.90726136849952,6.801040060531292,73.61106831341002,77.3930878318412,66.68602621915757
12.10595377841073,83.48667457202112,7.8684597962237435,85.99391967718691,80.67645938592258,58.229132391236206
11.411770473991446,78.62914028881961,7.49024601932788,44.868083772723274,67.25313513557526,45.411918281666196
8.698011212829954,75.8659733645906,7.4007988656574515,44.51263766876842,55.06699901319393,42.36581743988044
10.714456633388027,78.97530313511872,6.859728424617152,62.765460353490546,81.03902477699405,48.01928752097553
13.651725817102497,78.11823181458772,6.808475790353811,72.54176640342791,50.239162170246544,51.34351643652993
9.745101788784101,83.70416222375488,6.007614632631864,91.94541234390445,71.19179409308958,64.66418805497408
8.711118417734275,83.60573981049865,7.638594104243041,75.59118370722697,86.29418239703963,51.37829626363158
12.97474884596765,82.03046020153414,7.305167533267268,61.3597808478195,77.30277283047643,57.96992869736924
12.979866284434891,86.3693816974635,7.3904226175913585,49.60446188501162,98.38011173747776,43.22827450030427
9.972227298515481,93.90646274786342,6.801040060531292,83.45000859078725,87.30130983098128,57.18797654295095
10.11584677752671,91.49554135441323,4.215988496154507,50.52941861373928,67.15321934009309,45.204888873166986
12.928199749430545,82.65732566017496,8.116583254104434,89.42702832158483,75.32776055821726,71.74349970317392
6.2076626340107035,56.46078865098045,6.225395052789915,60.73423025590236,74.43155156946676,43.50602881893816
6.370144902493779,91.34319911239274,5.764669083148255,88.85873108926776,56.01387883984647,41.55256050521892
9.126223114990257,68.33121301584579,7.6321746942967925,75.18396935088917,63.71521300218776,39.48397402477326
11.146211393152612,79.75234598107316,6.329584832097044,62.94506765836313,68.27086911624167,52.14758136260533
13.243630262392019,70.2988697394064,8.071923660855946,57.2090544226081,50.56535396572876,54.458125023756665
17.90142486779821,63.9801956241998,7.540407139492037,59.886381839808806,75.56992161901971,55.52892716305234
15.430638492808077,87.41462728204787,7.620283187840573,71.42475038562856,72.01113786416352,60.54436583408368
11.36024588014629,89.59155160302647,5.160853146559359,66.15734744326575,54.92527318426111,59.80335746027775
11.923935168389244,76.2348959927328,8.254332782463681,56.09282887896942,79.85055438332799,50.032979794093556
7.989882541448765,56.0895770785509,7.113500637480627,62.515528845235515,83.59047293629152,54.936928658564
11.92594745603044,82.65732566017496,6.356867432904556,66.17865544578724,77.72441374637867,41.909894903362286
10.845365444319446,85.91804005402547,6.9720661608107015,33.06898858377782,71.11118189749236,40.48131566266018
13.290874241352357,67.21088431225871,4.668517720522016,71.87252172183048,82.09730582102226,38.625330675745225
8.691076225790708,83.83359919779156,7.2903833737768045,50.3041816292479,83.1626443257203,49.71256431444573
14.07738605696469,81.84690150827005,5.564754190181514,47.700013951913824,78.68884283663625,49.113655957641605
18.13095565201031,87.79291499601088,5.176795656987759,39.689834793339344,65.10465299478287,48.901245406286186
11.56495940617257,83.19580368414154,4.97316897653853,38.091612531981646,78.31920918613417,45.934657515615285
13.606846888395765,72.26931059118445,8.13522604998791,44.668287453315656,89.34576780990575,45.02787293279467
14.76057596684445,93.96571501664491,6.0448839275686534,54.36468563554264,67.84045129665924,52.0702011107366
10.395118112456656,80.4147042697303,8.640473251899799,94.29888706289853,100.0,55.77453715663998
12.896369927241667,81.72695460490068,6.157038244337242,57.11180486157194,68.69242879217539,60.78447468255686
12.05036960312718,72.66732040926804,4.7511704508884645,67.66625159402047,75.38888416008163,48.20791792350809
12.390704394195327,77.5671774880849,5.460170672061609,71.00722079759493,66.93017284792397,49.06305769456305
8.907960864578135,73.15197285973099,8.282973944008326,66.96597779323773,77.67925003104313,65.80464354108335
12.09804069703577,80.27053940076577,6.612922186475998,63.8383480891101,54.0933396883767,42.88100066010027
13.9919931649818,99.11708480142343,6.142055244211279,47.07059354601133,68.44749841419934,44.66698586404422
17.804574431180168,68.28098857068643,6.992021871023345,86.76391322418817,61.89454559581719,50.58272216313417
15.837083304340828,65.86438602123259,6.801040060531292,92.10794965456827,76.6240601747075,60.03335904508383
20.612729830046227,96.71170327493608,8.140878579082953,39.76011958815971,86.93336850610689,60.42290211924163
8.930609748447802,79.90676322848134,8.53819907587151,49.639571136704305,82.75207424537462,57.777193156998635
15.489282546882713,75.30927261340084,6.368277625053097,60.802844864344905,46.54008766969329,67.89420705718909
12.733368022953407,92.39904687396077,6.801040060531292,50.53193307634713,99.50483583513457,37.58704202107308
20.75921173287069,75.94384460263136,6.303841806652069,72.58948330183797,78.54335928745041,62.17311161508458
8.766806858579393,100.0,7.112336607899463,54.0759169639008,65.682010314084,49.92415357672997
8.641112631276895,88.7792587133927,5.643489288547267,97.47584101709904,76.8855350278913,57.198082811288835
9.602429418223911,77.12088591854297,5.651418902125949,82.85822891515394,77.11427787003231,51.349735951290455
3.5044171027607725,100.0,7.2125454578598625,68.18861045948323,66.99781539658123,49.43091063162918
9.896979913276956,75.94285076996661,6.741617178115458,80.40479394979599,77.3750000081049,68.3953112212971
8.963469353785207,89.42095372009307,6.839356394493904,81.58850636535963,67.71033254855631,64.34468074487715
12.60157514590483,84.99292580406492,5.889805598359916,56.54078767912635,70.14765608771972,51.55617923787474
13.367023903108638,95.01741289398798,6.523519142953079,52.75674133187053,66.76465037093898,62.789980296785764
19.504683356863545,97.61511196726853,5.690920226878035,66.17214594454471,57.80794452312416,46.62217009002947
15.8016953527442,82.32004149065767,7.868238093349744,77.92454186746916,76.7500376425846,51.638162123425886
9.692385377350387,74.46582129653817,6.801040060531292,67.08590597980127,82.02359323819606,40.07700963729014
8.406341314606568,86.59972142939117,4.584574565314288,41.345052767135044,81.17860315291647,40.69724732017436
13.967676686026023,75.22284630247894,5.684586967769108,52.95763334073737,84.83910303162281,51.31534487753845
6.719067171917431,100.0,5.004164893891905,63.89040704608433,78.89208252017842,54.43974091007422
19.325835063417415,83.36535331082737,6.019971278711722,63.865015935112545,68.60729402139715,56.33944661576618
16.717760482885147,78.34678448687892,6.699874436251567,94.58813265184712,85.07596637317427,53.847616703579575
10.12329739158118,83.84680305864909,5.060425736361764,44.21018086401503,58.70978952189678,50.448760669817474
5.14746188363649,68.52873710470304,5.693768224249624,72.58383862753811,64.19194340985024,50.29055804213035
17.41548949666165,72.28385961489349,5.595251153502201,87.33669662492434,63.42959914292106,62.253584017848766
11.541840618989529,94.00413907944426,7.048720795278733,99.07174618134194,87.96067270967173,53.72822179862558
16.951265247893847,75.43105721028604,6.8832132044435,58.93403865224058,86.3134621696809,56.88926597709808
5.622289364822532,71.53089017318061,5.933914935995296,72.37144179080299,80.84766284453994,43.038121769049006
9.602499908184909,87.36652752527286,7.012185046567278,73.54640535797971,87.86315838254157,55.744112452659756
12.020974798872732,93.85704154662997,6.143983898495281,67.93222597329937,64.44860661105614,59.36319678155951
12.187922375058967,89.18953310665067,6.474013867608736,63.51732198141041,79.18314143833176,56.250000136991055
10.199738114083026,91.96047685805816,8.808142508358245,71.53963084250069,73.49790685940204,54.4481360121882
12.10595377841073,74.43204911430539,8.408553262148418,27.016308721704718,85.16258524661896,47.88547741974921
7.7295182824696225,67.78189333258156,5.240502515686883,75.23104235093948,73.61730920937363,39.57120814087773
11.430482059914826,97.01333651955487,7.795678901455009,66.89266855492951,70.38068533907902,66.90996182099204
12.481182526847595,78.77320161157864,7.77367586538991,61.66287654832602,81.49090222273188,53.911389227678185
14.057755336234996,79.49166983544953,5.422084053496858,95.70293293579337,85.51403000629479,69.25866025938254
14.846459512355558,95.28194141849058,7.782533172505833,54.87598971814172,66.97985766183838,52.65771025782828
7.501431632648523,87.5623000940066,8.645518302095063,58.95386016402454,74.26709194377149,51.6063808599081
5.863543317057511,86.55887772081607,5.4529462325067035,94.873299533071,62.29871239630017,52.14232367032624
17.110707287594035,100.0,5.698996614782883,52.51908042725215,45.02326779008473,58.30255688050527
13.329256047918367,75.56481769619857,8.021193760212203,56.748270755951914,77.40551557696475,48.771594941714575
9.006053853773786,91.27840128081237,7.125794372990778,62.79461864853725,82.30686427505559,60.53799978101558
18.204607902090093,82.57013124897084,7.461771530287428,77.61101723194324,78.1448017090407,58.618364006161684
12.462698537171434,84.68592278863257,7.208707059680596,68.1170376102997,51.605259386947594,40.47023187728576
16.717188736255306,97.28468426412532,7.268835105113773,45.610619792716065,70.7898068390823,50.70064272576706
12.270073925640435,87.07835756289624,5.2082334460267,57.01747155309216,48.379826879387025,40.36114063126526
20.24299169952795,87.38296079049633,8.056781247945738,55.88968350181683,91.43641329185022,60.00019239526824
19.021363369772818,92.72507337309803,8.203507990913328,63.84168432165431,61.96734501458297,51.332055272560524
11.004143406083706,78.35047270457115,6.524731107118367,71.38765487944744,90.06484331351876,62.64386514993713
12.10595377841073,73.60790332660994,6.747827660223365,71.27308633831959,86.35043572420975,56.219305621522814
14.58150379834059,71.55190805978967,4.9626709969331335,38.359823689273966,64.19291576956726,41.62398997274089
17.474526230129396,62.33643410623998,7.417105707221402,80.95911481341284,61.40658058478706,60.68071128897038
8.140306157679582,100.0,7.486468930056972,68.78853268994935,79.20444259663606,65.9437365209553
14.744205839993757,70.96791634278317,6.725370779600826,85.7679807139086,64.86811155380315,57.230226553425595
16.23369794739835,79.78746376414227,8.149224031844604,71.66297490936007,76.22981570589849,54.003446283269625
4.965042054307543,79.2318670011108,6.399107322824071,81.51984436603644,69.20606891031699,42.0655797732218
7.2669659493369,85.07406697809101,7.4775271110723205,71.9981796717519,53.6260990264124,49.33434866582755
3.8430712889595977,90.15737212539297,5.576402793569461,85.19338634304123,48.23438377050649,49.542452802843876
10.922372662221768,90.60473488359746,6.771737418950914,72.83375954026668,77.72021098193517,58.83124669112975
14.870169023183848,76.16922561431062,6.590774890516597,63.53127130335644,68.26130704403249,50.61748697902753
18.00942820838411,80.32878286213588,7.07036950644913,99.08652080670322,68.36292219703041,69.39806393077414
12.2963791216791,84.825799504883,6.35656768539997,78.33555683419839,83.35036606912543,54.431787038231555
18.51446218228517,79.51308873816453,6.642232885193998,73.60616631506619,89.08130731958934,59.256412981978606
6.4795941671404345,98.07345576019992,7.791256605729807,45.85543375192496,71.7294633436583,60.49415089385914
5.186470242579381,86.90974951638252,6.275882915314138,45.675385738046934,70.91281551708167,49.513943345055154
11.777809204413526,89.34877786049817,4.872107479113585,69.3907322321278,81.00171639736661,54.3277419182634
13.536261795757229,88.62881268667412,8.899500685046505,67.18281796652361,58.7167731636051,54.26647590786479
11.869221007623628,93.73473857485325,8.457744894428583,55.78816152487526,77.67783665697236,52.86999667919301
3.7302315998404936,83.81021558703706,5.2492847658732575,67.1147404941809,81.62263166186585,44.92820684522964
11.643519841948846,69.03168052044154,7.627649366294233,88.82940392065393,83.16276250101154,56.0596212679961
6.782121997980587,85.99687951752642,6.196430275338388,75.43103711825448,51.75896756997042,58.19108092357693
14.678690195320154,75.4864310620817,7.116184658397271,47.88487235370893,65.86373676229272,47.913478633984916
12.10595377841073,76.71383318250243,7.1530689548161925,63.32736759285584,64.4608409661184,43.615122122417546
8.24048085469058,87.86364018755093,6.518710639620413,52.925502787211585,76.19864345291056,63.46338738959494
9.944532330653226,94.38283071433636,6.801040060531292,59.18450125387158,80.7689349572158,56.25914940774601
7.763145912444194,82.21271576736062,5.971350737220488,58.79576501555536,92.96052488935177,42.26306026789017
12.10595377841073,85.08833012598964,6.801040060531292,57.83531626093992,69.06041423558312,47.95269783925678
15.820569282004953,99.02214944635239,5.801813350123466,46.17296942039908,69.02913002028943,53.26670920008505
8.057095814657824,84.40753179488568,6.7193860519407735,63.08517977722715,88.79606422654496,66.36361499206146
14.016186062071377,100.0,5.941088013067097,56.59088544729035,78.55892326236366,48.06412362157249
9.878969526510236,87.65509645631545,7.618462478855144,21.05826964996598,90.21181813425568,53.53438660523308
8.828508670950622,64.39237240844182,8.584695386403112,95.79458036752494,78.46473603611804,70.43701928042519
11.57187856018177,89.53341621104532,6.103936110355948,81.33154481325008,61.11460057544075,53.156511029141214
7.859030710322504,85.81158384882778,6.801040060531292,59.35548912612506,59.00245974266632,49.34042854311838
9.785402778611271,94.89752754082745,7.39962213236352,65.28228574610898,56.38185301129285,48.20842168526486
7.208488429644606,82.65732566017496,7.366402725103129,47.42518479023657,82.94462201710168,50.0454681522774
19.858900531665558,80.61544016016227,6.8911463214993045,90.43584316716297,89.2631618770441,64.68956985945898
12.141054207886915,69.75701763710634,7.691218902031666,93.45933042159668,97.19234569663658,67.4392180148686
9.201097968029657,79.90976742713974,7.3786987432167885,67.35040592369786,85.11726398787889,63.250998065918985
12.855919642936888,73.494795457907,5.314805093207243,80.35295966278017,88.95406293041984,50.91771236280567
11.55068780123668,76.19476550195277,7.842987277267127,67.62930168400885,68.03980400815578,40.986205118959916
11.116121601867109,87.88578404420609,7.864749004720091,44.94911841686104,61.12301019907372,50.46579004576378
14.4566668001737,98.69904504351406,5.884056674985702,58.82264946554514,85.20095198901063,58.906247676309995
15.03003084018922,85.9467152982298,6.845525402537122,66.97891950157936,80.01216902687281,59.21001254939528
9.87799540955789,70.04116937964815,7.6199947913732835,58.181784218848335,76.28933249209071,48.78319102769266
9.69672703742128,86.4460266822014,6.548823416504766,61.72020083847446,79.64845776759589,54.77445560832062
10.899793211393424,93.96631486645651,8.087573657319213,63.62900663736328,78.87822578949847,69.14273898001423
2.7923153410576607,75.90217095680617,9.636646993543232,63.78682253201808,90.40580231824273,58.272140098612624
5.939235751205791,80.65982833327082,5.856816760838021,65.78387735746225,90.53982701780347,49.88229638695754
17.467497069778098,82.14688194729197,5.1427464762154695,49.09092400405099,81.53064422808417,47.181530782353136
12.10595377841073,74.1510168691776,7.164582314725851,54.244757763080955,85.14963447075513,52.96721802892773
11.003855841774486,88.4828043384386,7.665875006151372,45.73123601450046,81.1687506290973,64.05358672088516
14.306227852223065,80.79051851392218,6.522960351386277,79.667233245293,69.46596321558457,56.53002364434025
13.245000618174144,86.19532443907028,8.543912795985241,33.415295872395134,84.07877609895768,51.313825464502465
24.31552323382095,73.125078221979,5.193673040332102,82.30385514975389,58.26605917368886,53.95233304498452
16.478299645738307,77.62541699676589,7.631502347637933,85.79524095894266,87.64669862755059,70.64610540140296
11.488329634076933,82.65732566017496,6.072967015089327,60.46729119526068,60.66572472280758,65.87738466452511
8.177838237598298,78.27166847908234,8.863253487448755,25.952943682590522,78.42963944153679,49.296948520970034
5.57421471896971,99.26963851233405,9.191018423801742,59.580341570490646,64.85815249888608,57.55174145881807
12.813854543468892,78.00363814385398,5.880012094659983,64.0372375806677,81.64066779689313,53.33645086805077
8.974597018862786,84.24684725751887,6.140531436909704,49.8410267010663,74.59289728886509,32.43067444612316
6.310985161609303,91.3259083187309,7.831505464375762,57.27172409287636,55.86292850204001,57.34156459028989
9.413708463029893,67.81634267066968,6.335443220252582,87.95292798295027,80.04839557222175,57.29346779150392
7.67380798554242,64.39191188019224,6.7455065384813135,74.97390743452611,68.06495067800748,54.23084125975762
18.74856654029026,66.74343685429905,6.830466104650892,51.1315382843285,85.57376064976043,46.51641009440996
15.526559027797802,94.62584103427182,4.496392212562812,41.03601245606852,75.0159082648129,46.17344797308659
11.968109434733531,76.48141854107553,6.783394704686915,60.094740235853436,79.74505182465646,49.78122975330901
17.919776555560105,100.0,5.972326671122991,61.798148309743425,63.509172539817456,64.1822270210594
12.309473230590473,76.35752401342612,6.2082526131202735,72.44298781044975,67.92801322287166,51.144428771750256
8.554863194686945,83.84551303197037,8.532358404162578,56.97024931148512,69.49633636678699,68.33266055009695
18.09249630907863,97.42109952567876,5.292191726864893,72.67249363042792,85.28042976291067,63.46708452061393
14.155640174738634,100.0,7.775846224097572,94.02731060090343,95.12852505366587,60.7081449329272
7.851015382694174,100.0,6.46524448360183,77.23251533666394,65.3379389790855,57.38782078865655
11.238645287665568,94.08366230593143,6.464287797804999,64.27867239003841,87.92217773589216,52.74685002458064
8.497526986460972,92.24062525811462,6.801040060531292,62.25274293420058,48.96387098729157,38.143824453316476
6.468801076142656,87.92526949201184,7.208061553482668,59.64990298730193,60.66972718689253,62.83697165158756
15.704710190126566,89.78361076166638,7.484735596663437,82.70961368678218,63.4946585257587,66.62934118368418
19.637666561880522,76.48814283671467,7.961821592639433,55.59029831073046,58.76989572671133,57.6205596286092
6.405729704723435,73.81801116577692,6.402429940180013,65.67834063499974,55.99693932254904,49.78635725318138
14.251876946762284,81.96625542589048,6.0653159185906995,65.76796852821629,79.95598694565356,45.24284974020331
9.397429723512692,80.29815377475072,5.497819368130642,57.47323710782702,72.43118762726566,45.82156827317081
10.051498464941215,77.46771950672725,5.8095073640252535,44.41301678173849,79.55286477126131,52.676835506161595
9.630424303044524,88.96387447456715,10.0,69.84461755426503,83.28567223345816,54.594604804413564
8.544036921280735,91.5530520857051,8.293615496884144,64.08494042216924,78.1874039180704,39.85903686850915
12.194086511779307,82.88406886291847,5.178710760550374,72.50360704154855,82.89315811380449,53.43828570983312
8.676199534355849,96.77530081055262,5.213050451907716,56.99599540341249,74.16561256509277,50.88456290616627
13.081827303119356,70.58310885866496,7.37823927406219,83.31231948219572,60.75607934033106,57.61525195840306
11.799047562203452,80.06340540720282,7.4567177568535605,51.848393281822325,87.69377016984956,58.158530205534404
12.10595377841073,82.65732566017496,7.458660602380837,90.68060426026838,67.93065440662647,63.946276188100875
8.369745351833608,63.3346338292694,6.494053047735562,38.78545235257607,63.77284441485089,43.22245337693554
9.69291467772667,81.17319314157301,6.649454887996519,71.52155096835337,72.86498549034722,63.136947105243735
15.021564903303023,80.78252491616716,7.1934554289912285,72.13146023789935,64.04626896844184,46.008939333502155
14.003668750497523,82.65732566017496,6.801040060531292,53.06664398088677,69.99083541612681,58.480608198662495
8.089779020805796,88.30811684554777,4.136839552702957,71.36590906791518,79.1286470587616,56.83841587165957
12.397329221716904,71.75813175670795,6.524240443309767,84.19278004640239,79.18010087095352,48.76632134004143
15.005548493487156,100.0,6.801040060531292,31.74771740968903,64.22603920289245,37.75884940298672
5.322378875514513,94.21033695525352,7.010253702690214,72.54117211236222,69.14753552461507,51.04873224673895
14.17344076951974,87.82097703468615,10.0,27.600937695048835,87.89199605724292,48.5835436081486
9.349504964216614,79.73515901150168,7.240977998569165,50.51502794715188,80.9568014128073,56.07919891021562
14.282394674372638,72.4056076327652,6.423764376593122,89.43749547351418,99.9007804721825,57.16328665723228
8.946963373829933,78.27793223928947,7.9061618023727025,56.27326949911919,89.16153808489832,47.63629788755863
4.780471597341924,92.88748619704185,7.379225464651055,47.39180053386541,88.73151682271927,47.759166154331
5.489830248467349,100.0,7.304113388542209,62.03093406522977,58.34557739453038,62.05032826461685
12.192339786645528,97.43243528272188,7.528220711858805,96.01859507245328,84.16632421960107,67.55872186037061
13.038890006885927,77.11150578213726,9.267852277795448,37.52476629190961,74.36271837963707,49.45039730897343
8.382733499582365,70.80382566710989,5.442933877608901,49.230351325409835,68.388218357541,43.63549385088836
14.554369835109496,83.40886246911204,7.368358492173745,87.4614752476944,77.01618408639034,71.43974923521964
5.3539197509241605,64.31560634437149,5.688342644022153,92.86553515306599,86.3425384153378,49.875942691308566
11.735680805410734,85.23167714184781,7.4666151756106975,63.44853163564574,81.00997909205054,65.52543532837659
7.155935200950173,80.52397413701331,5.697576186216686,46.41420946210036,64.45831438389529,46.67859432342539
9.392655568791364,77.33963498131757,6.801040060531292,96.43765252713739,83.90950696311144,59.5815243351194
12.189594685265655,66.05296932733205,6.445892102914512,88.91663587623795,67.34894949508843,73.61614756378945
8.55834653886419,87.13600106569717,7.97098006321365,75.18420481643349,77.60019742757143,51.54568611483772
10.461777823080698,76.6729916033809,7.902145332730896,52.8139647659387,71.35979919027439,48.71310935139384
16.025171236857762,70.30083164289712,5.305139148264338,64.26455988742944,72.3736049791725,42.30316677950276
9.692432521907405,53.2773778671835,6.865920933199818,62.59459878432754,84.19491570048612,55.0820834157877
15.342768448260568,81.72485094949364,6.801040060531292,69.96276956923367,62.517675362209225,66.20447787233252
7.481172581369528,99.72251596669744,5.289794107189598,86.76502157197004,98.3423408913232,73.71255370956052
14.119216711661132,98.6125921454787,6.539579539490755,78.19125561706105,53.14696716846605,67.90376548054716
17.7662744826316,77.42903743413729,6.4298206538530165,48.83935884522863,67.82798780094171,48.95802975335762
2.1134219994908428,75.97787939638219,9.712059783614627,85.64744675029307,79.44254267930089,57.30279236759461
8.812418978118092,86.68774256075024,7.319551790432835,69.69698210019733,82.01176999722372,45.32845695745388
14.30828850872216,72.01614560811709,5.146858999094915,75.30598693788374,73.79429135313954,67.58845921437599
11.18781845582803,85.01791899819466,6.12227119499487,86.99811288917904,74.31131156398149,62.56623297740324
12.10595377841073,89.6608027838469,8.025659954515278,48.32629625729673,79.9266010239314,51.320790543893075
9.584059253136719,94.26933223884308,9.30613132744391,64.46261631940305,72.22716627050784,68.80225310734266
12.3463591498916,80.99845923520047,4.89682002531445,57.028181729611774,91.71817509521887,44.485658912078655
11.377291058431682,79.96326249823034,4.544090737833146,41.48210861951816,85.07218937077923,48.51494080836306
16.671128246639228,73.2201741324344,9.04515821044614,70.2006496640738,85.47389221206761,58.935814725669196
13.017683373204852,73.73119645960139,7.267537012845084,100.0,63.406119319554996,66.01508590292721
13.350410648300809,79.73521108098473,5.75804872174836,37.39883383241371,74.04733890713156,45.5661866002385
10.352492135510131,85.67365506816178,7.441554903346923,64.51579083425794,71.39440861535155,45.03232894840236
10.049575103710026,91.13584626233249,3.6371027131797464,74.60814402612161,62.93278349172641,52.67452357292794
10.269767248721516,73.96821049319655,6.804050607916593,66.84617302484271,79.32197020734921,60.57992581763986
13.577808569513188,96.92688568959522,7.193385407411702,63.303079212263896,68.54825090664221,57.40376830111852
10.316062076718948,79.2887639895743,7.909124167445396,45.51175454831264,82.86484595820285,56.422289859956635
13.159099427585652,81.78632705651565,5.583324857248955,68.49180114410245,62.157701245268015,45.35795150766558
20.301603194581755,74.52788320852177,6.902824593684031,53.6485403447611,95.62848735410185,55.15653291904551
15.48449881372677,57.75759739727059,5.689490448728495,32.1511744253217,64.24400809689526,35.595950967751136
10.695905871328636,90.8404539636105,7.106460506809181,82.91888330770595,77.63162804640524,66.29309812020088
16.804855688655778,89.36843897092433,5.725584413164371,79.37578729763064,84.5023117246568,60.85838283766825
10.367698507913794,79.18672442881787,6.310278993007735,65.7749146527662,68.15231483759865,57.0209337343527
3.8475018592885846,82.66990717224871,5.605021526251725,68.43612032308553,85.22962372119541,59.53410481057432
7.967654756330384,87.159392177041,6.801040060531292,81.11477019073342,60.249796826395006,62.737605091578985
4.516832315896577,66.37454143113457,7.830141339987998,68.36509485167124,92.42541239019073,54.84665559876511
10.593946063834766,76.70947322653706,6.518455316051103,78.56026332141971,75.1697911795891,48.997017880460234
12.073673516758207,89.94264679621827,6.845885593952034,60.53776698689225,67.84306310437344,54.38238876352917
18.70574924910113,69.45710576830751,5.061690302439747,84.6797560786092,71.40981873087078,52.61025692313507
13.30770949505665,84.9355793216663,6.440388022391855,69.81178588899026,84.70703123271264,54.820598119780115
11.123597884764543,68.43418195376594,6.739754459549906,67.9107791540881,67.98653649779475,48.844336722795376
15.317622324733957,86.66429982433526,9.94495170923597,45.94908366931952,66.00770772692667,48.84001800892472
3.1554587639684595,81.64358517702516,5.465639569071003,69.30433781452564,72.34156082899514,36.490457368993496
12.942458232434264,65.8486818409449,8.557012686502924,52.52067623758323,60.87645464676038,45.07592896507284
15.083460775547866,82.65732566017496,7.99623052815897,55.42575910207259,96.84652689530179,60.89778440111199
6.085655016880634,74.65408423201951,7.136763685388163,52.769365575258185,68.20326490542332,38.341370196758824
16.575016172827716,73.89747562985619,8.91034458103416,49.006476021511624,84.97940143416484,54.805602462107935
13.353985629977657,84.00569197230944,7.246526567128235,96.87157104525443,77.51364100377327,77.61595904751411
10.338848344396794,82.65732566017496,7.2669910348015145,84.97008592982604,63.18559139421638,67.9388346802424
14.53112746442514,71.84178181021603,6.736255216378946,93.80551253216392,74.92854348944725,72.00765684498984
21.082771431217584,82.61679849847971,8.268282658902352,46.65657470666655,84.40803335172897,59.14759583934425
12.72746502023398,86.28816500330574,8.11576308057306,66.06880624866339,72.74086397896433,65.84974709957004
12.992882345201345,88.93105607263143,6.049187255004545,45.597385621938564,89.31735535021234,46.67082974508494
10.162556401839023,83.76441555277225,5.216903366481479,54.56457684204404,87.25818471338236,45.99171371361568
8.600622522140833,78.32972160916678,6.556423235125211,51.22809524875137,86.02697825589995,30.746537252085993
15.321343266176982,73.7240977935128,5.839953722722824,83.59376009662343,69.48411873272404,65.0170905016731
8.57566469636453,82.86143883046375,6.7237705104615735,59.0565548284736,62.041890626622155,61.41002180403252
12.28626494887757,71.27860988014393,8.284925761620967,81.02569000541024,67.63694873564647,54.1311800080537
10.089370212939533,52.78649516505393,6.251238013895852,74.06181334382777,77.35489128800064,47.93871614835977
13.915919302985568,86.36559804157667,6.74861194242611,99.55458128157184,81.54944056238827,60.03316385879451
13.334648421147794,91.03934841086195,6.869627281770074,42.80833665290414,48.94114314287463,51.45421089008517
16.150159777031597,58.37067564458162,7.818117058646341,83.88849859680198,74.902641580659,65.39078326323597
9.959934404581013,71.90269295290062,4.103732799218474,82.19661305601092,76.89707070387821,40.06157134823445
10.920500258826515,88.19154261005198,6.071959646281644,50.39931742959448,71.66946892421338,53.20126904633787
8.08494513687077,100.0,7.053540430735367,80.10700004709739,90.49528606819055,60.5496176605672
10.222826959695553,82.20793707675408,8.240094747712233,70.04217444539343,80.06136089101045,58.69015941702884
13.509201972179408,74.71997058770866,6.209717062992554,61.587856100698886,90.72230289697076,56.668942728885185
15.027954466581408,80.1710355889516,4.548136752749751,52.64096769542,72.40847375579722,47.19986853824341
8.311338703289499,95.74876419148185,7.5436537351593635,54.21335822826221,86.2497299100831,54.82740656142014
15.47842368042264,75.54035820875464,6.037565133409244,95.74718143678889,94.62079673433024,61.48361648976049
17.422551435219802,74.00807993349747,5.3724000090915665,65.01024228436223,90.74032139127193,61.076915125399495
13.653739612894803,77.17256477817968,6.050785532344131,76.73195002297189,61.894300878855205,57.59323743318628
19.507183250232263,72.46671391741287,6.578569570812981,53.13650927498671,71.95588706949142,53.21251206714069
8.904843203585708,83.22670315994796,6.074306402554145,53.30220580667542,70.85802353460244,40.38818711455893
7.021381186754332,98.2467845846956,4.1533207314811165,81.22977213874913,80.87105442091593,54.08131170381161
4.885119004382886,85.23079273116029,7.8764794362645585,44.756356826727014,83.2362426601744,56.374066947236315
17.984177245956733,79.47646497873713,8.329850049534466,58.77179348142093,64.93328791169117,56.134683279525795
14.61746262541623,79.08188731084456,7.581826389607406,65.51041116608349,75.81406216700326,60.880958260820876
11.777661316358179,66.36809191303342,5.43477719549022,66.67058902760078,50.76087201412636,59.657282697173635
13.119874505279281,90.83109777147159,6.558210159262979,62.313600724757656,92.30334006962268,64.67446754264994
7.498043810806494,81.22162802987198,6.79217442172465,70.93729671643885,68.85150911187968,54.32848602653952
21.783007918467305,80.19520086409375,7.518553267474292,75.39283633726717,75.67036727813397,57.77924446625385
12.51688472790091,100.0,7.602008586461697,76.01956318188995,71.28420343214327,44.042386500753395
12.437579178419572,84.98752908365687,5.9189914414658045,50.2129428699826,88.75233090016098,50.47892004157871
14.903066495594768,74.48208949904816,6.898394667696272,60.73767353106804,40.94992270323145,47.45740635718442
13.924036926946853,77.73642403794457,7.348736485538289,82.92144292815406,74.80067589208909,62.38679414234281
12.895536097116526,93.48445709196756,8.54698678657612,78.41970781360808,73.73017491002763,61.93141708783045
8.838102178218753,83.13270410537764,7.645407847789667,44.407108227784036,69.55636334889981,47.00270633091503
13.885873428543983,67.61722021682633,7.746868024850622,70.27219850528303,95.7147185476276,44.68753074816456
19.528097985900136,91.19228934575203,6.900591953515233,35.326621259377845,64.35204649373074,44.11126525465537
17.38168018461991,75.31855914461006,8.492550974244205,65.70402353090554,84.26155412682793,62.07484493591838
18.37274650655759,100.0,7.291715355151396,93.46650525118966,79.275033464473,80.67351738719583
9.955137294275259,92.80048065714648,5.7666945077917156,50.78160924096521,90.1382310304262,51.72098367317777
8.041580718965676,77.52678104341248,8.484043964150228,52.48515431762627,66.99373098266993,53.161314599238246
11.496852319601407,94.81016361735112,7.637483927046833,76.4604467235929,66.20437321051489,66.84505302652032
12.222899649154778,82.67855510527403,6.268347174645821,41.85797727185531,88.15283888972878,43.81976731376267
16.376766073883793,90.52773675122219,6.2246084391209076,55.50867455172441,80.10385569996133,57.629580645710455
5.2301414811407225,86.84732817294474,7.155890654168914,73.9466170637263,56.460751839878895,48.88314983983593
18.118201277842456,73.53643345009127,7.355821754321101,55.48571228465895,68.52833982644076,58.86042289199065
11.367968405684042,75.56450167682539,7.036750718757448,61.46045019183543,79.63659184617673,54.03540842372933
10.29247572021032,92.29960817581161,6.801040060531292,76.16278565472552,85.05317065855907,62.45781992684049
7.95158249895933,78.65224667893459,8.839948849491655,71.32319125304842,66.84923216168454,50.810957332160605
12.10595377841073,77.96351536758003,8.085851782681862,69.00227594443103,40.0289281221967,55.80736972252964
15.292682335847658,72.44877420650647,7.028762709518029,59.91316581094942,81.2786782288444,68.08448744736393
12.293271868753616,86.23599065593461,7.92957269692098,70.55091672903433,60.35615172067229,50.06216481696053
6.8401564010357845,82.65732566017496,5.5609713157669525,63.14400979850365,50.791934422531064,49.22239455235931
6.819684911745536,71.32467085745728,7.277512459936171,71.86708414888678,41.01208890019031,51.25732482692402
10.656861202839487,82.24219456672758,8.971167619679733,57.54601962323033,84.7677703223729,62.00321718587452
18.676086101157573,96.12220555415429,6.5383449255291515,62.26146538430688,76.5434094048596,54.87147192406613
10.96163459454558,81.20358608754285,5.782839285657098,50.15063311171979,72.29212343145298,28.687206844161242
5.987428187527575,86.52371796249734,6.017493333688327,64.47488584990646,91.66829235555315,63.226460615846705
11.017027743656223,71.37606471853121,5.492440355189133,52.83498704556733,82.64789619627688,53.16691240487814
10.909105721009318,86.28307097207649,5.858285710246756,48.2893032475701,94.395600512663,39.173482911890865
1.2124534282337134,80.12855734995452,6.355390281691965,68.87991721783082,58.28717433399604,44.77887078781107
11.782820533928751,91.85729995679863,5.11331957698563,68.1910966378649,74.58539251255243,65.649016961126
11.076261879165289,93.87386051564751,6.818742000739523,76.74310602422858,55.59943950062383,67.75987214727122
14.784825459253673,100.0,7.882732608543977,58.53311645637351,72.24741201773439,65.42728829817419
19.39582437978138,87.79633173213576,5.710692583823695,71.12079270255134,72.01660975479987,56.66291586848496
16.50626011819103,85.25796316582166,8.623140708370123,73.26196358410495,82.51936364715685,62.911833929515865
10.924445237780677,83.94384301577335,7.412950506233114,71.67160711747393,75.54676657370278,56.28784799658346
7.573896365033319,78.46833707189312,8.036696702748868,52.61519475796787,82.48088565935899,59.69914193457331
22.29343921299944,85.38483843461691,6.010598535377436,67.24045223406783,83.44128159766673,52.9189135873572
12.10595377841073,79.0459858986097,7.825430272479939,70.46210444081991,100.0,53.80517692207768
12.055717167651785,83.68460976269614,5.489679319525624,65.10767700361913,71.2164401365665,59.661427312919336
11.903499651559986,95.17597535607959,7.8682970010038105,33.70283512443373,63.70772759200345,49.489816802495476
12.79233904307142,71.9345743472036,7.0062072077522375,67.4073443596022,77.95300338379691,63.669952262600965
12.10595377841073,93.39878561129045,7.46390146398174,98.18796559095864,65.37263967432548,60.25717465784557
9.705351972479054,95.17115067339866,5.389286473250178,59.59941096864526,92.78352922123844,54.309790176836046
9.812564235038431,80.81931473008922,5.725916189268075,54.07884353217018,71.60138353265721,42.41009305458401
11.868986919136006,60.78145100991405,7.516673861904062,70.60022839567097,68.21308358551212,52.10835064397043
9.826300915464941,75.92178012905568,5.661982394930959,69.68567315699858,69.34421134618658,41.12254580349702
9.148616869291342,94.96994546561109,7.355847550518948,82.89102748124621,83.6210090816597,58.90120015494539
12.425720910767588,81.77131937701118,5.159434632247705,46.13197766136668,73.10703620122217,37.23233912350951
12.10595377841073,72.0069776770509,7.8178090552000015,75.97070378862489,67.29999815843541,60.55127940915956
18.015971954330755,76.95225078771783,5.320972022277789,73.85633091877196,94.98422301148237,62.6561287841348
1.396120766427952,90.40620026504553,7.462759925215428,62.867801945891806,64.725961912059,39.84172977337047
16.36602740768985,87.4673356820138,7.5507571203752,70.08030976882534,75.42679288839592,68.94766935920694
16.984340769990517,79.61067900830305,5.96387381788451,80.44186222397536,82.82767381932277,76.68760462084916
3.706439070367402,78.33175588185313,7.498431880501672,78.08473070042676,55.42397867499512,53.596877921512316
10.629249623678605,78.08241850956178,7.112530716000267,47.85471031889407,80.7631260168711,45.55770750403838
10.514236536016835,72.77589815501497,6.153389772568714,77.30237280133227,62.33870789423461,72.7950252042398
6.369953221128715,98.15375689469442,5.58973437910855,64.02967092451222,84.87339337000803,45.506814155008044
8.888733249636498,78.7767953078866,4.444849169992905,66.09311147023273,63.44818785697228,48.54253137527856
7.557696618136685,94.17158520825497,7.219580056759632,66.09795486502541,83.31322838218632,58.42204840603674
19.00908177369449,82.65732566017496,4.922236674365534,62.7463551680261,88.26999679553656,67.40878755091336
15.742713572589844,91.9831089814796,6.9144130393295695,82.87561245660598,85.33723830759365,66.0489908764951
17.086220379976634,77.68379687281951,6.483862140701301,63.74423060226182,78.01579977885723,51.4899300765397
14.88668825617294,86.03730090336609,7.614971330525834,48.20680807425247,72.2243886848436,46.45610836045428
7.483792915131083,81.75804393609084,6.437545400612163,59.09705216045407,68.08296508398188,47.81706121522104
9.901918934880905,72.96298139269872,6.40466265638349,67.68042075215713,92.65241628980525,46.80211718072709
13.957498244911672,85.24359281721603,7.678244845145954,83.43822176445576,66.60605735798828,61.30614863228678
7.1114887644322184,70.20960208840198,7.2020696349009405,74.0464202742325,62.555207117160045,48.15179845883381
14.851993720689553,93.87679388461564,7.179387148619334,52.24197081879434,82.98442722039395,45.6433081758032
11.038698407367459,77.35382702701607,7.363121107770231,100.0,65.44635836176205,70.7096478644377
10.50071676980161,84.0115965587284,4.957313452151473,68.97162966466969,63.599238030406475,48.03266391460825
14.843839872813966,84.83287871546142,6.801040060531292,84.13086106998523,57.67674885396282,51.64757184061914
13.77705324594416,79.41095026295923,7.534962552816323,62.72428349634156,69.20508192647378,53.43036764321677
10.556135336723681,87.86693801475275,5.579980245708203,73.00038867058174,74.00741971324209,55.7674454401094
16.63731921345699,77.25096343377476,6.507103431590958,77.59202756777607,77.91710073192839,45.99835944493495
7.675746689600411,90.71297297457244,6.752831254846843,83.27292067631384,86.4156749315938,62.739684150663074
14.463742427777055,68.54020319753252,6.638603858717921,80.86052458067337,81.32277508398953,49.7455619500408
14.372405031873535,83.26379579546412,7.200631959882242,78.08295500109466,72.70953336536184,71.25294261121728
10.76181424274404,100.0,8.51764013819742,60.27369903208837,72.62165188344336,62.54140872316012
13.304532088968472,71.99668675394426,8.098120073207394,56.42380937065908,81.1218896269822,50.62194506633668
6.995545694458788,75.22255029475149,6.801040060531292,69.98911265486296,90.27084195514283,46.639144470842915
15.696108076827604,87.13907849658915,7.5464839883672585,78.99692108511604,76.5157703937984,60.90721286647187
11.260391454228044,83.79581781939598,8.394719983442492,61.6591894883509,69.3704297494751,59.93375608614101
9.909107917923842,85.50630099273559,7.264170224827043,80.9775794857158,63.08560798697346,57.84020007709092
16.196036903347558,86.89187130147664,8.10917651022316,86.78925118229269,57.65753682705329,61.15370677012221
9.182625237828963,88.3472146856177,9.214724534840919,51.2551862138987,82.99523606452227,56.22736076827723
6.366154814545761,93.09699841956223,8.028451455328378,52.4461894430558,81.93574228367468,49.96834012246876
5.773483305904385,86.09818656928513,7.099170314770074,62.894374116419954,81.92836230127993,51.40310021441039
14.42403980538256,79.58742345381458,8.054106168901704,69.61419002283795,73.45608664377534,43.195666973751365
6.878282590014868,88.72573701202731,6.973865399716269,57.131494793494234,91.88321695070101,60.900623417895304
19.01917672793746,100.0,6.8286836519419465,85.28304018300716,69.19057806498219,67.23113964719337
3.672282368465112,80.67366253617426,6.378302917143521,71.36100292277676,86.46323084648647,48.05986861902175
18.785825473160152,72.25470695329358,8.67609603059853,65.5917057236111,74.53508526012548,71.18270417856456
12.844069868810474,93.07080669286972,5.817885600869598,43.46135714197209,67.69979082384795,50.08084792458653
11.61314755251843,80.79618836046401,8.638841269613739,45.262762753587396,82.11036368781313,45.45582327324665
9.820323652764202,60.27330453985964,7.399836948488446,69.2151387542271,79.91563342420793,57.884039590442846
13.596544457408283,90.47421677150422,5.12083259023767,33.01106560767745,79.28367311120311,49.50235402835476
11.849461190300607,76.64671814046078,7.241179151589706,80.18956114466107,75.97534106467438,60.745408063104165
16.413207528066085,81.0946671769584,4.279968190818051,62.627692334415194,74.54528301939803,48.514670509424356
12.456910594648159,85.31980330569014,7.550609620197243,100.0,100.0,70.903263866007
12.601207045847511,83.90499679779066,7.862277779586789,99.61874375924165,89.21107974235407,64.97832437748309
12.10595377841073,89.09451817139039,6.089172853217535,62.27826396128725,83.67392273982614,58.472154242830314
11.77221750511573,77.64513629430157,6.9482572351466985,63.40494496203028,76.34158989844066,40.222473290648026
13.231207075568237,87.13105798176083,9.144988920500342,79.93372271003045,87.08588640716003,61.42952253092085
5.159326429373498,79.40453322416083,6.193103954885676,90.54758914877057,81.21593731669742,69.78990353096115
6.607258311577148,89.38810480887503,5.529310895532079,40.42956413845975,75.31445703328843,40.75349226426681
14.97305637609086,88.15367484013053,8.577996082955119,38.204368019679706,71.35722809680902,48.19824555623911
12.683461752511768,72.64561297955404,9.155104628636954,55.66947791668428,74.02899194804775,50.885530457071376
11.264066654589284,92.85982116175032,6.804434806217417,73.74106374760797,36.95489116946333,46.34815187341026
12.073735732261573,76.64036554885952,8.013755642490027,72.45310385761395,77.5272100715717,41.98254561776139
13.390326821446685,90.08057798281145,8.409771098637057,81.04657182475775,69.13828703867568,60.87875350241593
9.840961278762554,85.6728731340134,5.9090189209539385,47.00453707452038,94.11203997939461,51.55579369094163
8.886781098390749,100.0,6.217632997558558,30.257842055466853,75.23212884974104,47.15696079984485
12.783381020390726,79.76534017628148,8.277049415785681,77.87021292953219,60.73243896558046,57.369472711377455
8.086508889539871,78.50683203881802,8.822017134450212,52.57705590552148,74.40143815046258,52.65036410815721
13.633011022857888,81.80580394112268,7.475457032209226,34.72268203417043,62.446546979249945,54.431115701861586
5.1896655830486385,78.96820217165724,5.744222775797535,67.17595618939072,80.6808889885496,49.7553121967929
16.116622549302576,89.9994190194205,9.184473334039328,76.89763532328016,78.49136837207382,60.47237932561552
13.890389929652173,65.83689391563412,6.162834922625643,63.16914301818084,86.49407557329921,49.74708256010208
13.024118937255503,71.46317580853646,6.397834662594258,58.13227420726266,65.50941849966522,53.58726650371773
15.930763935782055,82.65732566017496,7.210805401387546,62.6095665178114,75.40809715473776,63.73375913117603
18.661897777850307,91.50307591973575,8.664992504857729,59.44125856398826,58.61973845488038,54.1550504757822
16.057480260072523,99.10613372581925,7.824771171862668,44.779293320897494,83.41793738309657,57.40765517171946
4.636503074673419,82.65732566017496,7.297838600434292,54.279789845143526,81.22645416528147,52.82173051107794
6.881692133057194,80.31178276809989,7.355946236141727,72.81919857520722,80.94966025233084,48.856587776335715
9.500725689217285,82.70052163113182,6.852217602372159,69.82517812064751,75.01942837628329,55.24484225929128
12.104364200843335,93.6187830260819,7.469767417422207,67.5208970895023,79.97727468946549,48.783169941572325
14.070636081876492,72.72646865809426,3.7645279067668365,50.07277277219931,94.25206929970315,34.67685621727023
9.097024747386138,84.38368982734785,6.444071049116242,62.27745256796499,71.57886891549583,55.02127808951571
12.747067057908314,91.7519762978243,7.089586321900137,32.34402430335718,76.66374220452101,46.51150531965889
8.97846827058671,87.01094169939846,5.418783099656592,67.67714995828085,61.96648440982308,53.204725667970976
9.553928788032207,83.89581616598744,7.263587981373872,86.4328656172035,64.58086846082001,58.959458692394
6.373355612607111,92.01046092567141,6.554634534816654,42.88801801936842,76.17375951711969,41.969298567679246
8.307067015556383,54.967677070007625,8.906570837978588,56.21108490023367,88.24720256042289,49.821576493764496
6.5932615775346655,88.77875319530908,8.687623670257828,69.93660168065195,71.92463010898113,49.139731992542806
12.10595377841073,75.45924316872576,6.241033317058204,83.79263951641225,72.16900164825451,65.18904260510251
16.21456718643136,63.69367103143543,6.618994746119966,58.276630755497756,70.11737706594751,40.43142782216745
8.202404444672228,87.11202599524981,6.711262921269928,54.616245061011554,68.58291994986813,49.501997500049775
22.52952825934956,95.73658545162958,6.258008628608453,35.46615286375875,78.53965746850587,45.84426777047048
13.973271603523557,80.62551485372308,7.034029980833752,66.5515719396216,57.03290825785626,57.90092502744508
12.739344494779495,91.52874547202939,5.890061517334892,95.63114060215617,90.37127492000073,62.22450498714964
8.566568879275145,98.12278257988646,5.443261598074969,69.16037692947013,67.01493242244648,51.14866845809976
14.801239517635965,95.14914453584048,7.5472534686803225,64.6658153122443,83.6628418252577,66.03629176730888
9.697448695048905,98.39964529371393,7.555435501066173,69.83123466150478,59.76001683127349,58.047013843855574
12.488039258581447,89.42127491071892,5.834821088408009,64.83361994077097,83.02608156655462,59.13482461865927
22.24033815307518,82.75433638901593,7.874426516915119,52.80478441609805,83.06333529377397,50.78487348453184
11.6157604011014,65.98034188102832,6.042106725001602,77.34919873516557,79.61042486407075,43.78936816679948
16.597093305142703,79.53937511870052,7.103798285645578,68.38642284667631,63.06685773840249,56.52630232879868
9.18729429949645,73.56753404683808,7.784412815134947,65.26419877900486,77.99457827517692,51.48926207069958
11.860046038012154,100.0,6.759664922355544,50.369509590826254,60.80332578318733,57.348266180040476
19.08320254254204,80.24114187567663,7.345689094569361,84.55261897902139,71.96684093884578,61.52136257688116
9.49213176884893,83.23204806784486,6.180284427334914,74.97054117999664,87.35295721146392,58.15254076445644
19.249794231987714,82.65732566017496,6.564240099886283,56.70618743949047,84.56042312484891,45.355670345874856
14.831007741821901,82.43602446372454,6.552968682943591,80.02737280522906,75.1821953104852,72.25163193645355
9.75013289642293,98.95051040430752,5.904105984151713,57.536437424221894,63.30232108892589,51.623455140560935
14.529630956222084,75.77350638265548,6.5878710042610615,53.26994761233445,82.74705254609032,56.59717956766745
15.890217798506919,83.94607455237242,4.941658041363504,53.604453237795695,75.2325748523763,44.83500730514633
14.487239848868786,74.57529414301952,6.210615503429474,38.43397170367864,47.15621282123492,45.781699554416726
5.719101120438174,68.79977488779295,6.458149407956395,72.07313570627309,84.39155791579822,42.786390855121425
9.091451296700527,75.88230909094715,6.492584297005544,37.53282682492475,74.7092059935637,48.11594839094818
11.009925457793981,81.62963202951588,6.510203064955065,46.573342531013566,89.42941497579687,48.03916345319591
11.702266283599815,77.7069777548274,6.725882960167845,33.866179863822,61.85675377388634,44.5825670613703
14.482688390202712,75.07579020126144,7.375329821703277,63.7089546081366,36.879554241647995,55.648105996487786
12.710804003733015,67.93682536328166,7.849420488959026,62.74519309592192,78.34900630014222,44.70369393285417
6.658622565159595,81.16894427371305,6.02028172778208,60.09955680220454,78.49876412018368,45.678052842501515
13.520791404023853,66.95279625968998,5.356158973533026,49.36133457994136,54.711940468722574,47.16987236311084
14.442342981135292,89.60055963689602,5.549546705308276,47.416493698450395,63.258005449600724,64.16672632013888
14.23916179172416,82.82439752934503,6.2153564945660875,71.96554795319861,100.0,57.896431520490864
16.323122902218486,67.42448500535069,6.377694418620189,56.74172102437268,71.33267263015436,54.22118198935303
15.335688618195617,78.90790922950137,6.801040060531292,69.74537482304217,83.77150771651459,55.02777413151596
13.836720316913746,74.47843594409417,5.244660002900126,51.72126970813666,67.19208207157939,60.85077410157505
11.719337154165412,85.19174510419181,6.801040060531292,67.71594114156623,49.91636521376212,40.2091696733537
12.10595377841073,95.40450446023145,7.0177119441367655,84.54917055974096,72.95690103844913,60.577453557794705
13.718472876530344,82.65732566017496,7.514035359002677,73.79248700589176,71.81274527656674,42.972761650193334
12.830750748652445,83.15026079147417,6.131092336270014,58.813792726752794,70.20146113597954,34.49504672625734
13.086315348781493,80.3986720443336,6.304402613427879,68.85798455533892,73.62430997392329,56.775710209133834
6.893005696718762,88.71340076450466,5.687962029383227,61.3900223820468,78.17121925974764,52.82828728534601
7.6757738383669505,84.1319662823769,6.762272995550268,65.11820277042092,73.19859658495432,51.26187538013447
16.212611413331615,74.48030668261181,5.781885638971023,60.115834217772445,59.83192598463164,49.512096312272966
12.10595377841073,78.80946064333382,7.48775337588944,62.53497191171913,80.83421749874327,76.54340574340452
14.726002789490497,74.03974143196511,4.656960209679067,68.18140029611263,51.60753893613092,47.3463675786545
12.113273504521844,92.76007138598598,6.368444393057045,50.09961950627074,50.395710512589595,53.47967304994258
12.11902455798298,82.21311648671943,7.16132880703009,49.761817595150326,83.87016593641881,47.70819235831536
15.75313522390399,100.0,7.020601419587005,44.171861692531834,81.08424326562428,57.262517232726516
9.935821087130504,81.39339186185379,10.0,40.99593343244435,74.31125561911156,50.768688947499356
12.384483107763934,74.91593233089537,7.219760029481489,46.74075961669281,58.254617942939134,44.7844179174777
10.15089884517983,66.86285607387173,5.595134483789588,67.39193760206194,66.5050687119111,61.54886853338054
12.10595377841073,63.96860323744055,6.685442903493112,51.60818726762174,71.84703902776195,54.740635746294544
10.763311506125442,66.1586405699451,4.668504399840257,72.70421696346645,55.84927237711064,48.71985175126561
12.888535086534851,84.67126651011483,6.703280300843887,65.52070623128843,66.13165610372121,38.36401965016246
10.08500551334609,87.08725023229934,5.80033273159909,35.47243679842919,82.82796405812016,44.27154211618096
17.023024502294085,66.18809297967867,7.898468330672194,74.82463376332535,92.1276643714706,77.88349749656093
8.421570791121985,90.95038314076115,6.140551670485358,77.16197968387564,69.96678296809739,55.020995462073664
11.252513423354564,77.1693894831656,6.659880901045704,50.0920598774772,84.07786025179318,58.015402945299996
10.2410757669033,83.4679301198555,6.037330590314716,71.30287314342488,52.03127915295039,62.45640144267879
17.78791153741493,98.12220628255425,8.886621622223997,52.15252643886201,82.91341489336334,62.04236323798573
12.786219106046298,90.96839315865532,6.414508680658506,66.46505565122503,65.35261902327022,49.54939273189124
16.12737815787454,79.31469352094167,8.999068452175042,46.03252389567552,78.68814740049564,37.33588312919521
6.057758507852112,73.08807774584713,7.776982114541919,38.103403211981345,72.02697098112348,49.92099456010091
13.068201063477035,60.48184598670695,7.378480072802463,59.257742155805474,90.84496811740601,45.93360000968918
15.558523182493747,74.8084668075758,7.242479776781024,63.14406580587746,64.50677221992098,54.74064297723481
12.329135957101697,79.88869761172306,7.272556757859501,59.03480459578094,82.53127557074197,45.46485857301333
16.261921500261405,72.12820472848816,4.486792904785268,47.239541626661605,71.6459104404416,43.96531649538518
9.930846199598511,80.68743032907695,6.465339927019092,59.00151406803295,73.10033426388404,51.60773745390752
17.63738976074232,82.76851882958768,7.814189565421186,69.03942128871101,72.79375328208948,60.86746024800591
21.195592494477,79.75144018191921,6.741323379831073,64.32660454816194,64.85192274607064,48.24381857937805
10.548645758241364,75.4999741917654,5.11377218383571,67.7375154589882,74.83081240911994,59.258515876479635
10.217989914396913,83.68654671966728,6.737114659307037,54.94827199318651,74.24822133453814,47.40290444155958
17.813537908470803,86.41940649569409,8.84492661950659,82.57576872074239,77.89488298088075,53.498153751464436
18.31828858292285,71.09600922557154,8.296270058641664,47.35739995167829,76.01406174831435,51.75260016010657
9.908559891386927,96.10932379746271,6.725595188760762,72.31340445630077,84.57593459534684,59.55482524141421
10.31925273161657,81.01411867715738,7.941739132469704,82.72836639439942,86.08210339256843,62.14159886026085
10.87286156455797,82.18849622944848,6.360191575558337,72.21362139123343,62.39252013806639,63.61107234423305
6.622197955862892,89.08214423256557,4.755354095807937,61.96213659402755,85.42527000708925,49.64514856684183
8.325392214063207,84.33216131263502,5.690640814244535,57.07554430005531,60.763962874681745,47.82422575071653
7.9834369329917285,91.53136633913245,8.675466522209836,80.54131476569384,82.05427065765282,54.73214106624543
8.928809739583485,84.87124165201824,6.471208301804835,43.65537612107491,82.43686541643443,54.70754928409257
11.861260450452875,75.87562625359563,6.507939224749978,50.44813609430535,52.064197300049955,48.19709244763065
12.10595377841073,85.61503525206102,6.440194164470143,59.03663351762418,76.11575095835292,50.74173830685075
18.20200197125631,70.56273792679337,9.084963907487609,83.56480636267997,69.37804663967621,48.60697753690917
8.006583837044836,83.08559705776523,8.751150698434476,70.69651454061344,65.8948169047755,66.92064549318698
12.10595377841073,81.6677000935554,6.801040060531292,50.47931362234632,91.21022796838807,49.25248724801792
11.144044623097964,79.9188314272746,6.609145747519938,60.34538441922645,67.15585031235098,47.46088559527289
11.802145161390268,80.71462488561069,7.154749386496514,55.78515283855558,65.3234768505834,53.99284733558276
14.699277968666415,63.18150954502361,4.980028940695051,54.353165116496974,75.90833928006113,38.054312315894094
7.5091119137508056,76.51275092259039,8.572321311341929,79.68334337835168,83.227076955581,48.57819641371777
13.529638984736202,82.92844901141115,5.398664538478478,44.42385306104742,73.30021696787848,32.98741213780267
12.665808832852225,83.598563919974,7.060130676515155,89.1317128360156,88.99644654803103,67.97249342441228
13.969805056032596,71.72324859074041,5.483236966840587,77.42344535276933,81.37170794356909,51.135665357485365
13.156674575631273,94.65707840864701,6.093359807913565,81.36292505905547,48.861464163222834,78.39405982347016
21.82120055964358,73.33825151785499,5.795285082740359,58.05590731962113,68.6463964379159,45.41612913783755
9.449040062994737,91.69457200526736,6.070549687189018,62.75088921381336,68.2578948077796,46.815257574114014
9.87601217999273,86.27194361871685,6.153052756221226,43.502722782129325,80.75233144115307,44.93373516872249
9.507437894300942,75.53772690156197,6.142077446089908,57.130063893997956,43.50219532351066,47.982942904272576
9.778091523358981,99.75310892609512,7.800000694136369,72.40482271464727,100.0,59.88273716676386
9.45045149077393,70.0636316824352,5.474164648324976,84.44094592672094,81.37231313873052,59.06542462431626
16.756066124430205,91.19154173610002,7.06464971241664,48.392647747963224,76.7865216470123,47.62660143116699
17.68201699195942,92.00582318042979,8.26155098276667,59.517410945221016,89.17881259702975,51.10828902418492
9.717014825002096,75.29379790923355,6.184164362583925,62.73051169651217,100.0,40.83108606273762
8.670577707583085,95.92465300064329,5.9384973311028775,44.06316196711272,85.44895973506084,35.12304608416095
13.885662225545616,79.49953485401048,6.523370449783699,73.87023862637601,86.38575715765944,54.024596660453156
9.791107822876114,84.88693629279857,8.215670250032852,54.14014502386087,76.56828029357258,51.81278247018555
14.531727271022042,84.6032183877122,7.032929157144029,62.06914473234464,73.30169095959663,50.98353804477974
12.811692083405198,80.65691258529452,6.162542846470882,58.22075942132184,69.29045467194119,60.047364918791764
5.937023540011072,90.10808273159782,7.380651981425648,53.159922414204885,65.0866560994255,59.56541043821262
18.190020805320245,89.93488720552213,5.477249420196292,64.89432521779167,66.75583080360603,53.12490232595796
19.183510692382086,64.51468026761819,6.801040060531292,61.76585632147967,58.793328427884205,39.80696104546928
9.548845238062455,95.04340242878152,7.290328769242121,59.42213176582002,74.08954259177972,51.58382091718896
10.449193760256064,65.37508011964326,6.430629834633339,54.07307567479486,54.78398907328336,41.1760966605759
13.14346156289962,92.32546204341658,5.7936970418633225,69.79287006174434,77.29099828972453,52.33322212695529
13.3378271599481,93.26705136827583,5.735982893259851,89.80425902738428,74.5640327034919,56.94905981943432
14.634177090691322,71.09033569784802,7.441780803615092,67.09830849258691,76.76322358064026,50.37935953787131
20.0408181550654,77.89185712045415,8.274776602986874,79.94177322366693,68.73442115976009,59.15791679345246
11.292211090023802,70.94295331514064,6.035230703565446,44.14667112269806,100.0,43.78159068885025
8.806811021846185,79.85078969711265,7.350064044261781,67.36642158940654,91.32139080216376,57.50963990140852
6.482723087941891,78.91965715814258,4.2955675776775175,48.539475215434,60.065489998983324,45.160234694015315
9.076279840232324,89.7966053226934,6.09845872321136,42.846126087021474,77.79441704912279,42.40016470982726
11.86749210850481,95.10308746119608,6.762729280554917,53.909428888114455,67.70392628475211,62.463540783601346
19.178231454071152,95.95683810789956,5.7083798996218,82.87849001620359,62.82624327951103,54.60812919905521
9.929554803855314,76.37831973421697,5.676192350252485,79.25023743004468,58.91913514651278,41.645165229026574
12.895151806555594,79.90778126255472,5.998664532237337,68.645070830816,80.18660028911104,57.33823041933188
11.934308415708992,65.1656180777905,7.150631273991648,42.009491601651035,66.82343717916511,39.39893814947261
16.753573093792337,73.94129933503811,6.801040060531292,62.05579022918095,86.61391228830244,56.93919729813067
22.107729703494485,91.64851633097457,4.114122520010033,69.52550013352604,86.92538657436526,41.48682592554736
9.876524908318718,98.15582823548232,4.255159816837921,67.63304344367897,91.4869726225374,65.27483880381986
10.042242229927112,82.65732566017496,6.07176178657139,37.343096247788814,64.77135880711076,47.072693515512825
16.17664350827629,76.07535740847106,7.349223903264262,51.64523227970192,80.70438732830412,42.379143523102194
14.727565958505245,81.73594243041073,3.5029941887297182,64.03883353776925,82.5894505997076,40.67354143214264
19.386829302944136,84.80161158819607,6.200323788618043,73.04436364275784,69.30986189875242,69.94413668584411
14.335712741303855,73.90396480078354,6.1685025721790945,32.05808268350081,65.7387365112855,38.47778127539974
10.562831636851762,86.2406104446409,8.466005333850138,62.56814036780212,94.31424798931167,52.87828711235483
14.362619322769238,77.26160652929084,6.337973825944563,67.14573154818429,77.72995050878464,38.683262086623806
16.434814322331633,81.85547729121721,7.259586781689114,77.7441798277432,82.63161300854085,58.25641946217219
15.281928724789456,87.462842480037,6.969508568104955,75.39286376356155,65.13508785806488,57.063193824687744
14.029096124429191,82.06422269810938,4.2433202242313595,73.73856978213207,60.36858640173367,57.16796128261191
16.266698758356615,77.63614109473431,7.721848659958084,53.000892399470985,68.16660270609468,43.076680147494685
16.67718236178269,80.90390196074169,7.058475806547546,36.37996794315039,73.51174335132004,38.40966670382893
17.52863596415011,81.11637040794665,6.801040060531292,59.10420864407899,62.22935991819182,57.6289068167304
14.594839550358572,78.29988970117873,10.0,80.0244773781284,74.88186229619541,70.30958785560233
11.331527678732582,79.41203937332898,4.299064472601694,85.90181791286648,54.737937743178,42.24822106583398
12.58685474573329,97.98647170504717,8.86963597971333,75.65823653446678,61.55943093036153,69.94824830233712
16.82603586603343,87.6091944794124,6.4550629767195735,71.44011234202601,83.0509349793225,59.521460387920044
8.732257316051056,79.0451968197084,7.144794685283611,70.69459472578949,82.24548624333472,63.12335613178833
13.474693235491605,88.96954404510736,6.745385305638509,56.658218798588294,70.29747881535761,53.33088945046082
10.426644750690556,78.6618051024399,6.290916399922348,63.0490955966957,62.78682829107656,33.203072588979126
12.11497929173927,93.73124637586642,6.116200486113489,90.03604288739497,62.67115738168787,59.87314754025751
17.113807450429196,85.69642192198094,7.195410482687611,50.86162991312186,70.52078104870424,61.11072502992761
12.764396272079614,80.92697855995772,4.979391563993985,89.22168186064778,82.7342218997435,52.44464227476068
12.185746192624595,82.65732566017496,7.700695001026118,60.16957768261912,86.1389482961319,54.052021988494154
6.560575436080323,66.29123847931501,6.300566714137695,84.88148163642617,69.04161917421638,51.89689697136899
14.985014264108884,70.73232531090194,5.443916793151571,43.89777485753693,61.15809088818259,24.350750888468976
14.5819367245643,70.06074993600944,6.259984570405024,73.78856301746974,78.214123654396,66.4737908442763
20.65301889322184,83.42943094763707,8.308579060235088,53.94844796078567,65.11758035248981,50.06655165867287
10.768887060187996,99.32514999485092,6.157597895580532,43.77099212113718,68.78096833366557,54.231530204367225
12.876601310655756,100.0,7.230144341851544,68.27801063616418,90.90331308524445,60.90495298603486
12.997534734843022,88.38051101440757,5.922852469141432,80.14207682893954,84.92538514278922,68.44090917981805
18.3098131190539,87.00844474944456,7.709506219908343,52.325878421097556,76.89569174701742,58.987814508392994
11.618817870452192,63.989422658472606,7.622609286548244,42.51476059312398,59.736971986647326,43.25630216247406
13.116086103081358,76.57326200265979,9.018330599955693,63.62232853497567,77.5367588096479,50.83743080361772
14.431586038866158,74.12216248091761,6.5893232654009415,63.68847006834228,87.75188748945033,60.04173368359366
12.746436492625433,75.79152401748884,7.602385765709488,73.22479441331748,70.49239601081358,43.264485301209305
10.214265541797888,80.3185618141521,6.917681047446734,79.24391857046733,91.21336907984059,63.46877636616192
12.77635997159323,77.27909422302872,8.355046138235616,64.10877228091259,90.51294347421849,49.84528819878268
16.29452699943909,62.20700189624212,5.937401134869523,92.83254972191395,94.96479398572168,68.52118899410353
7.893938802355759,89.47910256117534,7.694006375452737,68.36352116802938,78.66291751837623,58.28597749872253
12.531878696587505,71.27256974260193,6.566363244659982,59.803602409896506,82.04870039767215,56.15485337650809
9.199516740243308,84.39246864111149,6.722974187469802,40.82648961345758,91.97024745997308,50.1603547146469
16.78018651569937,100.0,6.9101029813380475,61.06010719525749,80.36872724482771,47.27347960981201
5.907252380864901,72.80615408413577,7.102688475712013,59.95419581883296,68.98519070651744,43.14476574529049
9.764312610913647,56.697124772536704,6.66052514825365,79.40457194422206,69.61748596166566,56.26733903620935
13.508847500258083,79.13995778119889,7.057655819804632,71.93725436100281,77.86265944528488,58.079742167335155
18.26209611693736,93.00959634998571,8.69374166907462,47.30946317551074,59.513262936645376,64.07988683921909
11.73699895570805,100.0,7.982539622738262,67.58381579616557,73.28089301562969,63.12872426046978
9.779201893227206,69.70450405547584,7.842985510996275,75.0729675759358,88.15856541876305,49.94528494116075
19.52462827776236,82.65732566017496,6.253352568771355,87.92047039081748,48.70495378601663,54.88521120910849
6.207944398335024,77.34689543219946,5.7329110061260105,78.31255951121089,93.41378522153418,55.88146626866497
3.2047761735196723,80.94051645695865,7.946360669885303,76.41269981467217,88.46849062443792,40.98103151106267
13.76005780021333,100.0,7.851256151035753,65.90128991922745,69.48282461003429,71.73060259679949
9.991783102589554,66.97029671604847,8.567204810901178,70.82468008135174,81.52068993446171,58.692456813894815
7.915068731477147,84.53739661494573,6.075223248836925,83.74257351059238,75.03777272287591,65.81925108153932
14.833425789197413,86.67693171765433,6.5245416135675836,45.00833903780526,89.75988442126419,41.47774340601489
12.975202855084795,92.85786324939347,4.832619004969478,59.75841009174566,86.79219771323929,62.69260057335973
9.743685477053086,82.97983153470895,6.329034672726952,53.41146876865639,58.19915132180389,64.29308293453953
6.878782405316422,85.08050539504103,7.9958846126953365,70.68729678089186,82.04714896157012,48.04789244365071
15.489829313120579,78.08351432578209,6.240205544926162,83.45333263476181,72.53246575628103,63.914843740782786
14.600804711834645,84.69126941245108,7.568575754240988,56.045385699183896,75.9939908462172,55.01991428522257
11.603296544882468,78.56807724502589,6.571396272802626,29.145434487958433,66.26193718836221,32.7333790520061
19.386547984190663,88.21571889856051,7.188868433865872,58.81668882463295,95.97764482945003,62.963862717043966
7.71966093469539,78.30389663956366,5.422770332221199,78.7021059802611,87.48074183883091,60.75563926619772
12.10595377841073,85.77100393902187,6.9022513395606815,73.0644485442482,66.12274603232439,50.24234342846332
9.232367720475022,81.70737186315021,3.210636834919132,71.42279371715864,58.98467271707721,56.30433966995894
11.817655934578008,93.26050250772168,6.575724610205618,60.8001004718828,70.37192842826582,43.221741107227956
12.973357797290767,81.48606276411513,4.843432107541831,45.8145389567032,80.21403175309567,37.1147808325254
11.035055768574681,64.26967531793119,8.24719341985618,72.72941482436701,77.88247012735468,56.01377720032013
13.408221586057188,94.61921500713991,7.732888823317413,52.485772849480625,90.03759389721893,57.51895333942207
6.993842303238224,72.94267699137382,7.360005178359297,97.76145100070684,84.47903666617023,55.94863996977208
17.77505841629304,75.46233661351181,8.625207472591256,73.55760812531774,86.63482830903489,66.97159489132794
11.671395286429725,76.04338705956508,5.6613001750101954,56.29027546169073,78.92226480732525,53.46667157034556
16.46918332635251,95.74438093170818,8.896835837498669,55.829221289170576,58.32841523746812,64.05546444939058
13.370901385510816,60.64325786021304,7.918629877112462,63.60583690079618,72.65161762623718,50.99107781299698
13.827012876615136,100.0,6.516133655337264,61.407471169673755,87.72107687890399,62.95569234597841
14.279069120928815,92.56056809066052,8.162744176619533,81.75250663294932,74.38172485770424,60.51065109818428
13.790834240069259,84.23238914129159,5.472447785106039,67.7962425461607,81.03708442348496,69.31144139943646
14.570891039470176,81.45105999383713,5.810583006166792,54.02552391637208,71.17502021704641,45.04196098177593
17.316610120529724,84.85554074857657,6.801040060531292,93.35661027733674,62.642257817497864,76.47692054736142
12.78608467880588,87.21122428379338,6.165226750323182,65.73962497280334,73.51987123144667,55.19632361579687
14.83601503035405,88.45215585950056,5.532130828687697,76.53259513953346,78.70856931639184,48.556662165096924
11.641057222851092,87.55604466003449,8.26769968051439,55.87660238832861,67.13174736646268,64.24600926792499
17.76046886179789,82.8958068125525,6.801040060531292,70.44673441616786,72.17146506171997,58.239527372452734
9.29443079176292,80.02661579692673,7.223005962028255,69.66664986714792,63.72644109616821,59.840058144610225
12.10595377841073,80.48726716346488,6.115578360303584,36.655260618557705,88.43093901076915,58.56603806473798
11.839368197422626,80.0509171964732,4.615276039341779,95.2291266569096,71.4665309089436,60.39650000154216
6.276899591527807,93.33770096867065,7.124068830069707,84.35966691383821,92.4330665415142,57.738095764794686
12.512417659643157,87.93556722280861,4.505294029496268,59.04207025781019,93.3449742064909,59.649409298467624
9.275793370100477,52.59611365335719,6.717639144697437,48.465953893162165,74.02744842333908,43.366730995059385
15.362574195954895,88.55900776529761,5.1580219534006275,70.21342420705328,62.8986152094318,59.4699577547101
9.389504082790436,83.94736194718774,9.18473119907697,66.30046549121595,49.969225467199955,40.348820520013405
10.215266267140882,81.81291243554102,7.893635266609666,70.33503422844844,57.3355551236785,58.22456466907094
4.441837076217876,78.11481546911114,6.926904549525776,67.87366094291134,58.51398210121608,45.91767556462138
12.10595377841073,93.24112719986013,8.316448013185601,72.5936148395889,91.54163552953806,73.56540333590246
2.3044826934841733,91.47526462122858,5.784420827041117,86.7095854908771,76.38989504672335,61.45625042014213
5.664388706057107,74.27122332176391,7.4521752544041115,73.52154807692969,79.67525428910385,56.04196026216682
15.04165862457719,86.07052287124534,7.039772520462456,49.25516751635088,48.35494789277849,53.59180049536189
15.143200634603328,72.28343265458714,7.116824097600404,85.43844279068678,60.624402849392865,50.865007911903156
13.70183024713986,68.20381835211069,8.32682420012812,89.60921845232431,85.64495731735545,73.25623773562627
8.132095427483147,75.73282775410036,7.678990523335763,100.0,78.44128934859103,76.29500659922026
11.80915457543208,90.62393472382759,7.146468395390028,48.14758950140603,73.23353665577284,55.088339254018095
11.985589843637726,91.53125045376086,4.814135076526044,68.64323019725413,81.77810830320146,66.19385251046359
7.366541243229829,87.13085420097293,5.647944445664644,33.768519452165194,94.62957367362978,42.39742678351854
18.013593207068602,89.25095786847997,6.652749279685131,73.29723734568813,72.3474904375554,54.113336532300416
15.509449162302685,87.16178287114958,6.912046849131981,56.776995527498414,75.83243763189684,55.29269994090058
11.116143304681344,75.58518404777048,5.443755530391291,93.8516869223743,77.31116302477567,61.41194556342594
12.107543355978123,86.31922544673941,9.694012010694106,53.38077544972127,100.0,56.62979037370986
12.83353123179021,90.00409525227683,8.619672866304287,39.662254430491075,49.80772482697169,54.082777703937694
3.8330605263028374,89.54291329813574,7.52254198447098,57.9310438894622,83.1986761774657,55.48132178516564
11.011290469917613,93.88913371474644,6.886444233540494,35.36768343174294,73.62237301489124,42.17745549011867
9.272063008008805,89.08303847201064,6.545349236118618,76.26649181760965,81.80126071421016,61.75815374936862
7.993519960420338,85.51448207541583,5.657697847973317,34.02375430615519,67.11152935206331,49.648964382586044
10.87559882845618,92.70150238316427,6.892976622222635,65.42686371774738,74.41241962969859,57.68446811546592
19.19074610739809,81.7347874075094,7.1093030481713,33.832822702157046,83.53692695358595,58.608108285077876
14.56337144506804,73.18125348772283,5.3098873094220504,60.19553293195037,100.0,44.22531834596038
9.715284040868813,80.36933036056236,7.2010117006938765,89.65067233706802,84.69643427282486,64.43369750392984
14.290331125424634,74.55097355193551,6.613689141410301,70.40971837153693,64.8232128236339,45.725130246871366
